cohort,quantity,value,source_url,retrieved_date,status
Snyder iPOP/HMP (Zhou 2019),subjects with clinical labs (clinical_tests.txt),104,https://storage.googleapis.com/gbsc-gcp-project-ipop_public/HMP/clinical_tests/clinical_tests.txt,2026-09-24,verified
Snyder iPOP/HMP (Zhou 2019),subjects with clinical labs AND proteome AND metabolome AND cytokines,97,"https://storage.googleapis.com/gbsc-gcp-project-ipop_public/HMP/ (clinical_tests, proteome_abundance, metabolome_abundance, cytokine_abundance)",2026-09-24,verified
Snyder iPOP/HMP (Zhou 2019),subjects with any public HMP layer (union),106,https://storage.googleapis.com/gbsc-gcp-project-ipop_public/HMP/,2026-09-24,verified
Snyder iPOP/HMP (Zhou 2019),subjects with wearable data in public iPOP-ID-keyed files,0,https://storage.googleapis.com/storage/v1/b/gbsc-gcp-project-ipop_public/o (full listing),2026-09-24,verified
Snyder iPOP lipidomics (Hornburg 2023),subjects with lipidome + clinical demographics,112,https://storage.googleapis.com/gbsc-gcp-project-ipop_public/Lipidomics/Clinical%20and%20Demographics/Supplementary%20Data%201%20Demographics.csv,2026-09-24,verified
Snyder Glucotypes (Hall 2018),participants with CGM + clinical labs (S1/S5 Data),57,https://journals.plos.org/plosbiology/article?id=10.1371/journal.pbio.2005143 (S1 Data s010.gz; S5 Data s014.db),2026-09-24,verified
Snyder Glucotypes (Hall 2018) x iPOP,participants with CGM + clinical labs + proteome + metabolome + cytokines + gut 16S + lipidome (ID crosswalk 1636-69-NNN -> iPOP SubjectID),22,S5 Data s014.db + HMP/clinical_tests.txt SubjectID; crosswalk data/raw/snyder_candidates/glucotypes_hall2018/glucotypes_to_ipop_randomid_crosswalk.csv,2026-09-24,verified (SSPG identical in 16/17 pairs)
Snyder Basis wearables (Li 2017 / Dunn 2021),Basis participant IDs in public tar (Basis_001..043),43,http://ipop-data.stanford.edu/wearable_data/Stanford_Wearables_data.tar (tar headers via HTTP Range),2026-09-24,verified
Snyder Basis wearables (Li 2017 / Dunn 2021),tar size bytes,20377763840,http://ipop-data.stanford.edu/wearable_data/Stanford_Wearables_data.tar,2026-09-24,verified
Snyder Basis wearables (Li 2017 / Dunn 2021),iPOP participants who wore Basis (paper),54,https://pmc.ncbi.nlm.nih.gov/articles/PMC8293303/,2026-09-24,verified (paper text)
Snyder Basis wearables (Li 2017 / Dunn 2021),people with wearable + clinical labs openly linked (Subject1 73 lab visits),1,Stanford_Wearables_data.tar -> Subject1_rawdata.zip -> Subject1_Clinical_record.txt,2026-09-24,verified
Snyder Basis wearables (Li 2017 / Dunn 2021),people in open wearable-summary + SSPG table (Fig6/SSPG_model.xlsx),20,Stanford_Wearables_data.tar -> Support_data_for_Figures/Fig6/SSPG_model.xlsx,2026-09-24,verified
Snyder Basis wearables (Li 2017),original data link http://hmpdacc.org/data/wearable/stanford.tar status,HTTP 404,http://hmpdacc.org/data/wearable/stanford.tar,2026-09-24,verified
Snyder PHD (Bahmani 2021),participants with 5-min HR/steps/sleep,33,https://storage.googleapis.com/gbsc-gcp-project-ipop_public/PHD/PHD-paper-cohort-example-data.zip,2026-09-24,verified
Snyder PHD (Bahmani 2021),participants with IR/IS label,23,same zip metadata.csv,2026-09-24,verified
Snyder metabolic subphenotypes (Metwally 2024),subjects (demographics),61,https://storage.googleapis.com/gbsc-gcp-project-ipop_public/metabolic_subphenotype_db/metabolic_subphenotypes_db.zip,2026-09-24,verified
Snyder metabolic subphenotypes (Metwally 2024),subjects with home CGM,29,same zip glucose_values_cgm_and_venous.csv,2026-09-24,verified
dbGaP phs001719.v1.p1 (iPOP),consented subjects,111,https://www.ncbi.nlm.nih.gov/projects/gap/cgi-bin/study.cgi?study_id=phs001719.v1.p1,2026-09-24,verified
dbGaP phs001719.v1.p1 (iPOP),phenotype variables (subject table pht008919),8,https://ftp.ncbi.nlm.nih.gov/dbgap/studies/phs001719/phs001719.v1.p1/pheno_variable_summaries/,2026-09-24,verified
dbGaP phs001719.v1.p1 (iPOP),wearable variables,0,https://ftp.ncbi.nlm.nih.gov/dbgap/studies/phs001719/phs001719.v1.p1/pheno_variable_summaries/,2026-09-24,verified
Stanford COVID phase 2 (Alavi 2022),participants who filled >=1 survey (not released),2122,https://pmc.ncbi.nlm.nih.gov/articles/PMC8799466/,2026-09-24,verified (paper text)
Stanford Long COVID (Uwakwe 2025),participants with Long COVID label / total,31 / 126,https://purl.stanford.edu/cb174pb4851,2026-09-24,verified
Stanford Long COVID (Uwakwe 2025),self-reported lyme comorbidity (of 42 non-missing),1,https://stacks.stanford.edu/file/druid:cb174pb4851/Demographic_Data.csv,2026-09-24,verified
All of Us,participants in current Data Browser CDR (2025q4r5_combined),747040,https://public.api.researchallofus.org/v1/databrowser/cdrversion-used,2026-09-24,verified
All of Us,participants with Fitbit data (Data Browser),68840,https://public.api.researchallofus.org/v1/databrowser/domain-totals,2026-09-24,verified
All of Us,participants with any EHR condition (Data Browser),436280,https://public.api.researchallofus.org/v1/databrowser/domain-totals,2026-09-24,verified
All of Us,participants with labs & measurements (Data Browser),439060,https://public.api.researchallofus.org/v1/databrowser/domain-totals,2026-09-24,verified
All of Us CDR v9,participants with EHR (>),481000,https://support.researchallofus.org/hc/en-us/articles/50653909888788,2026-09-24,verified
All of Us CDR v9,participants with Fitbit (>),68000,https://support.researchallofus.org/hc/en-us/articles/50653909888788,2026-09-24,verified
All of Us CDR v9,participants with WGS (>),535000,https://support.researchallofus.org/hc/en-us/articles/50653909888788,2026-09-24,verified
All of Us CDR v9,proteomics samples (nearly),10000,https://support.researchallofus.org/hc/en-us/articles/50653909888788,2026-09-24,verified
All of Us CDR v9,RNA-seq samples (nearly),9000,https://support.researchallofus.org/hc/en-us/articles/50653909888788,2026-09-24,verified
All of Us CDR v8,participants with Fitbit (C2024Q3R5),59018,https://pmc.ncbi.nlm.nih.gov/articles/PMC13278962/,2026-09-24,verified
All of Us CDR v8,share of Fitbit participants with EHR+PM+genomics+surveys,46%,https://pmc.ncbi.nlm.nih.gov/articles/PMC13278962/,2026-09-24,verified
All of Us CDR v8,"Fitbit participants with EHR+PM+genomics+surveys (ESTIMATE = 0.46 x 59,018)",27148,https://pmc.ncbi.nlm.nih.gov/articles/PMC13278962/,2026-09-24,estimate
All of Us,participants with EHR code U09.9 (rounded to 20),3200,https://public.api.researchallofus.org/v1/databrowser/searchConcepts (POST; raw: data/raw/controlled_cohorts/aou_databrowser/searchConcepts_icd_codes.json),2026-09-24,verified
All of Us,participants with EHR code B94.8 (rounded to 20),720,https://public.api.researchallofus.org/v1/databrowser/searchConcepts (POST; raw: data/raw/controlled_cohorts/aou_databrowser/searchConcepts_icd_codes.json),2026-09-24,verified
All of Us,participants with EHR code G93.3 (rounded to 20),2220,https://public.api.researchallofus.org/v1/databrowser/searchConcepts (POST; raw: data/raw/controlled_cohorts/aou_databrowser/searchConcepts_icd_codes.json),2026-09-24,verified
All of Us,participants with EHR code G93.31 (rounded to 20),580,https://public.api.researchallofus.org/v1/databrowser/searchConcepts (POST; raw: data/raw/controlled_cohorts/aou_databrowser/searchConcepts_icd_codes.json),2026-09-24,verified
All of Us,participants with EHR code G93.32 (rounded to 20),1280,https://public.api.researchallofus.org/v1/databrowser/searchConcepts (POST; raw: data/raw/controlled_cohorts/aou_databrowser/searchConcepts_icd_codes.json),2026-09-24,verified
All of Us,participants with EHR code G93.39 (rounded to 20),120,https://public.api.researchallofus.org/v1/databrowser/searchConcepts (POST; raw: data/raw/controlled_cohorts/aou_databrowser/searchConcepts_icd_codes.json),2026-09-24,verified
All of Us,participants with EHR code 780.71 (ICD-9 CFS) (rounded to 20),1940,https://public.api.researchallofus.org/v1/databrowser/searchConcepts (POST; raw: data/raw/controlled_cohorts/aou_databrowser/searchConcepts_icd_codes.json),2026-09-24,verified
All of Us,participants with EHR code R53.82 (not ME/CFS) (rounded to 20),14820,https://public.api.researchallofus.org/v1/databrowser/searchConcepts (POST; raw: data/raw/controlled_cohorts/aou_databrowser/searchConcepts_icd_codes.json),2026-09-24,verified
All of Us,participants with EHR code G90.A (rounded to 20),1300,https://public.api.researchallofus.org/v1/databrowser/searchConcepts (POST; raw: data/raw/controlled_cohorts/aou_databrowser/searchConcepts_icd_codes.json),2026-09-24,verified
All of Us,participants with EHR code I49.8 (rounded to 20),8500,https://public.api.researchallofus.org/v1/databrowser/searchConcepts (POST; raw: data/raw/controlled_cohorts/aou_databrowser/searchConcepts_icd_codes.json),2026-09-24,verified
All of Us,participants with EHR code G90.9 (rounded to 20),1640,https://public.api.researchallofus.org/v1/databrowser/searchConcepts (POST; raw: data/raw/controlled_cohorts/aou_databrowser/searchConcepts_icd_codes.json),2026-09-24,verified
All of Us,participants with EHR code G90.8 (rounded to 20),460,https://public.api.researchallofus.org/v1/databrowser/searchConcepts (POST; raw: data/raw/controlled_cohorts/aou_databrowser/searchConcepts_icd_codes.json),2026-09-24,verified
All of Us,participants with EHR code M79.7 (rounded to 20),15440,https://public.api.researchallofus.org/v1/databrowser/searchConcepts (POST; raw: data/raw/controlled_cohorts/aou_databrowser/searchConcepts_icd_codes.json),2026-09-24,verified
All of Us,participants with EHR code Q79.6 (rounded to 20),1600,https://public.api.researchallofus.org/v1/databrowser/searchConcepts (POST; raw: data/raw/controlled_cohorts/aou_databrowser/searchConcepts_icd_codes.json),2026-09-24,verified
All of Us,participants with EHR code Q79.60 (rounded to 20),1260,https://public.api.researchallofus.org/v1/databrowser/searchConcepts (POST; raw: data/raw/controlled_cohorts/aou_databrowser/searchConcepts_icd_codes.json),2026-09-24,verified
All of Us,participants with EHR code Q79.62 (rounded to 20),500,https://public.api.researchallofus.org/v1/databrowser/searchConcepts (POST; raw: data/raw/controlled_cohorts/aou_databrowser/searchConcepts_icd_codes.json),2026-09-24,verified
All of Us,participants with EHR code 756.83 (ICD-9 EDS) (rounded to 20),1060,https://public.api.researchallofus.org/v1/databrowser/searchConcepts (POST; raw: data/raw/controlled_cohorts/aou_databrowser/searchConcepts_icd_codes.json),2026-09-24,verified
All of Us,participants with EHR code M35.7 (rounded to 20),1240,https://public.api.researchallofus.org/v1/databrowser/searchConcepts (POST; raw: data/raw/controlled_cohorts/aou_databrowser/searchConcepts_icd_codes.json),2026-09-24,verified
All of Us,participants with EHR code D89.4 (rounded to 20),660,https://public.api.researchallofus.org/v1/databrowser/searchConcepts (POST; raw: data/raw/controlled_cohorts/aou_databrowser/searchConcepts_icd_codes.json),2026-09-24,verified
All of Us,participants with EHR code D89.40 (rounded to 20),620,https://public.api.researchallofus.org/v1/databrowser/searchConcepts (POST; raw: data/raw/controlled_cohorts/aou_databrowser/searchConcepts_icd_codes.json),2026-09-24,verified
All of Us,participants with EHR code D89.42 (rounded to 20),60,https://public.api.researchallofus.org/v1/databrowser/searchConcepts (POST; raw: data/raw/controlled_cohorts/aou_databrowser/searchConcepts_icd_codes.json),2026-09-24,verified
All of Us,participants with EHR code D89.44 (rounded to 20),40,https://public.api.researchallofus.org/v1/databrowser/searchConcepts (POST; raw: data/raw/controlled_cohorts/aou_databrowser/searchConcepts_icd_codes.json),2026-09-24,verified
All of Us,participants with EHR code A69.2 (rounded to 20),2900,https://public.api.researchallofus.org/v1/databrowser/searchConcepts (POST; raw: data/raw/controlled_cohorts/aou_databrowser/searchConcepts_icd_codes.json),2026-09-24,verified
All of Us,participants with EHR code A69.20 (rounded to 20),2740,https://public.api.researchallofus.org/v1/databrowser/searchConcepts (POST; raw: data/raw/controlled_cohorts/aou_databrowser/searchConcepts_icd_codes.json),2026-09-24,verified
All of Us,participants with EHR code G43 (rounded to 20),51700,https://public.api.researchallofus.org/v1/databrowser/searchConcepts (POST; raw: data/raw/controlled_cohorts/aou_databrowser/searchConcepts_icd_codes.json),2026-09-24,verified
All of Us,participants with EHR code K58 (rounded to 20),21940,https://public.api.researchallofus.org/v1/databrowser/searchConcepts (POST; raw: data/raw/controlled_cohorts/aou_databrowser/searchConcepts_icd_codes.json),2026-09-24,verified
All of Us,participants with EHR code K31.84 (rounded to 20),5800,https://public.api.researchallofus.org/v1/databrowser/searchConcepts (POST; raw: data/raw/controlled_cohorts/aou_databrowser/searchConcepts_icd_codes.json),2026-09-24,verified
All of Us,participants with EHR code N80 (rounded to 20),6900,https://public.api.researchallofus.org/v1/databrowser/searchConcepts (POST; raw: data/raw/controlled_cohorts/aou_databrowser/searchConcepts_icd_codes.json),2026-09-24,verified
All of Us,"participants with OMOP ext 705076 Post-acute COVID-19 (standard, incl. mapped codes)",4080,https://public.api.researchallofus.org/v1/databrowser/searchConcepts (POST; raw: data/raw/controlled_cohorts/aou_databrowser/searchConcepts_icd_codes.json),2026-09-24,verified
All of Us,participants with SNOMED 371073003 POTS (standard),1980,https://public.api.researchallofus.org/v1/databrowser/searchConcepts (POST; raw: data/raw/controlled_cohorts/aou_databrowser/searchConcepts_icd_codes.json),2026-09-24,verified
All of Us,participants with SNOMED 398114001 EDS (standard),2260,https://public.api.researchallofus.org/v1/databrowser/searchConcepts (POST; raw: data/raw/controlled_cohorts/aou_databrowser/searchConcepts_icd_codes.json),2026-09-24,verified
All of Us,participants with SNOMED 52702003 CFS (standard; inflated by R53.82),16980,https://public.api.researchallofus.org/v1/databrowser/searchConcepts (POST; raw: data/raw/controlled_cohorts/aou_databrowser/searchConcepts_icd_codes.json),2026-09-24,verified
All of Us,PFHH survey self-report follow-up respondents: fibromyalgia,19300,https://public.api.researchallofus.org/v1/databrowser/searchConcepts (domain SURVEY; raw searchConcepts_survey.json),2026-09-24,verified
All of Us,PFHH survey self-report follow-up respondents: chronic fatigue,19260,https://public.api.researchallofus.org/v1/databrowser/searchConcepts (domain SURVEY; raw searchConcepts_survey.json),2026-09-24,verified
All of Us,PFHH survey self-report follow-up respondents: Lyme disease,7940,https://public.api.researchallofus.org/v1/databrowser/searchConcepts (domain SURVEY; raw searchConcepts_survey.json),2026-09-24,verified
All of Us,PFHH survey self-report follow-up respondents: IBS,38300,https://public.api.researchallofus.org/v1/databrowser/searchConcepts (domain SURVEY; raw searchConcepts_survey.json),2026-09-24,verified
All of Us,PFHH survey self-report follow-up respondents: endometriosis,20480,https://public.api.researchallofus.org/v1/databrowser/searchConcepts (domain SURVEY; raw searchConcepts_survey.json),2026-09-24,verified
All of Us,"Fitbit x EHR U09.9 overlap (ESTIMATE = 3200 x 68,840/747,040, independence assumed)",295,derived from Data Browser counts above,2026-09-24,estimate
All of Us,"Fitbit x EHR G93.32 overlap (ESTIMATE = 1280 x 68,840/747,040, independence assumed)",118,derived from Data Browser counts above,2026-09-24,estimate
All of Us,"Fitbit x EHR G90.A overlap (ESTIMATE = 1300 x 68,840/747,040, independence assumed)",120,derived from Data Browser counts above,2026-09-24,estimate
All of Us,"Fitbit x EHR M79.7 overlap (ESTIMATE = 15440 x 68,840/747,040, independence assumed)",1423,derived from Data Browser counts above,2026-09-24,estimate
All of Us,"Fitbit x EHR Q79.6 overlap (ESTIMATE = 1600 x 68,840/747,040, independence assumed)",147,derived from Data Browser counts above,2026-09-24,estimate
All of Us,"Fitbit x EHR D89.4 overlap (ESTIMATE = 660 x 68,840/747,040, independence assumed)",61,derived from Data Browser counts above,2026-09-24,estimate
All of Us,"Fitbit x EHR K31.84 overlap (ESTIMATE = 5800 x 68,840/747,040, independence assumed)",534,derived from Data Browser counts above,2026-09-24,estimate
All of Us,"Fitbit x EHR N80 overlap (ESTIMATE = 6900 x 68,840/747,040, independence assumed)",636,derived from Data Browser counts above,2026-09-24,estimate
All of Us,"Fitbit x EHR A69.2 overlap (ESTIMATE = 2900 x 68,840/747,040, independence assumed)",267,derived from Data Browser counts above,2026-09-24,estimate
RECOVER-Adult,enrolled (NCT05172024 actual),15172,https://clinicaltrials.gov/study/NCT05172024,2026-09-24,unverified (read by research sub-agent; not re-read)
RECOVER-Adult,consented (dbGaP phs003463.v6.p5),15154,https://www.ncbi.nlm.nih.gov/projects/gap/cgi-bin/study.cgi?study_id=phs003463.v6.p5,2026-09-24,unverified (read by research sub-agent; not re-read)
RECOVER-Adult,digital health substudy enrolled,6529,https://pmc.ncbi.nlm.nih.gov/articles/PMC13315523/,2026-09-24,verified
RECOVER-Adult,substudy participants who connected a wearable,4122,https://pmc.ncbi.nlm.nih.gov/articles/PMC13315523/,2026-09-24,verified
RECOVER-Adult,participants with raw Fitbit Parquet streams on BDC (phs003463.v5.p4),6569,https://support.terra.bio/hc/en-us/articles/16110566204443,2026-09-24,verified
RECOVER-Adult,Fitbit analysis sample with high LCRI / total,498 / 1475,https://pmc.ncbi.nlm.nih.gov/articles/PMC13315523/,2026-09-24,verified
RECOVER-Adult,LCRI 2024 participants / with known prior infection,13647 / 11743,https://pmc.ncbi.nlm.nih.gov/articles/PMC11862971/,2026-09-24,verified
RECOVER-Adult,"likely Long COVID (ESTIMATE = 0.20 x 11,743)",2349,https://pmc.ncbi.nlm.nih.gov/articles/PMC11862971/,2026-09-24,estimate
RECOVER-Adult,"Fitbit-stream participants with likely Long COVID (ESTIMATE = 6,569 x 0.20, independence assumed)",1314,derived,2026-09-24,estimate
RECOVER-Adult,"study-defined post-COVID ME/CFS among infected (of 11,785)",531,https://pmc.ncbi.nlm.nih.gov/articles/PMC11968624/,2026-09-24,verified
RECOVER-Adult,biospecimen aliquots in BDC release v3.p2,935596,https://bdcatalyst.gitbook.io/biodata-catalyst-documentation/written-documentation/nih-recover-release-notes,2026-09-24,unverified (read by research sub-agent; not re-read)
RECOVER-Pediatrics,participants with wearable data (v1.p1),~400,https://bdcatalyst.gitbook.io/biodata-catalyst-documentation/written-documentation/nih-recover-release-notes,2026-09-24,unverified (read by research sub-agent; not re-read)
N3C,patients with acute COVID-19 (2022-08-10),5434528,https://pmc.ncbi.nlm.nih.gov/articles/PMC9769411/,2026-09-24,verified
N3C,"patients with U09.9 (38 partners, 2022-08-10)",20532,https://pmc.ncbi.nlm.nih.gov/articles/PMC9769411/,2026-09-24,verified
N3C,total patients (Aug 2024),22900000,https://academic.oup.com/jamia/article/32/2/391/7907589,2026-09-24,unverified (read by research sub-agent; not re-read)
N3C,participants with wearable data,0,https://ncats.nih.gov/research/research-activities/n3c/data-overview,2026-09-24,unverified (read by research sub-agent; not re-read) (absence)
UK Biobank,new applications accepted (status 2026-09-24),no - 'intend to start accepting new applications in late 2026',https://community.ukbiobank.ac.uk/hc/en-gb/articles/37284734505117,2026-09-24,verified
UK Biobank,UKB-RAP re-opening,'not ... before October' (post 2026-09-18),https://community.ukbiobank.ac.uk/hc/en-gb/community/posts/39236359774749,2026-09-24,verified
UK Biobank,wrist accelerometry participants (field 90001),103568,https://biobank.ndph.ox.ac.uk/showcase/field.cgi?id=90001,2026-09-24,verified
UK Biobank,Olink proteomics participants (field 30900),53039,https://biobank.ndph.ox.ac.uk/showcase/field.cgi?id=30900,2026-09-24,verified
UK Biobank,NMR metabolomics participants (field 23474),479096,https://biobank.ndph.ox.ac.uk/showcase/field.cgi?id=23474,2026-09-24,verified
UK Biobank,first occurrence G93 all sources (field 131114; not ME/CFS-specific),7716,https://biobank.ndph.ox.ac.uk/showcase/field.cgi?id=131114,2026-09-24,verified
UK Biobank,WGS participants,490640,https://pmc.ncbi.nlm.nih.gov/articles/PMC12443626/,2026-09-24,unverified (read by research sub-agent; not re-read)
UK Biobank,HES inpatient G93.3 (field 41270),1462,https://biobank.ndph.ox.ac.uk/showcase/field.cgi?id=41270,2026-09-24,unverified (read by research sub-agent; not re-read)
UK Biobank,HES inpatient M79.7 incl. subcodes (items),5072,https://biobank.ndph.ox.ac.uk/showcase/field.cgi?id=41270,2026-09-24,unverified (read by research sub-agent; not re-read)
UK Biobank,HES inpatient Q79.6,152,https://biobank.ndph.ox.ac.uk/showcase/field.cgi?id=41270,2026-09-24,unverified (read by research sub-agent; not re-read)
UK Biobank,HES inpatient G90 (sum of subcodes),693,https://biobank.ndph.ox.ac.uk/showcase/field.cgi?id=41270,2026-09-24,unverified (read by research sub-agent; not re-read)
UK Biobank,"HES inpatient U07.4 (post-COVID, UK usage)",450,https://biobank.ndph.ox.ac.uk/showcase/field.cgi?id=41270,2026-09-24,unverified (read by research sub-agent; not re-read)
UK Biobank,self-reported chronic fatigue syndrome (field 20002),2603,https://biobank.ndph.ox.ac.uk/showcase/field.cgi?id=20002,2026-09-24,unverified (read by research sub-agent; not re-read)
UK Biobank,self-reported fibromyalgia (field 20002),1408,https://biobank.ndph.ox.ac.uk/showcase/field.cgi?id=20002,2026-09-24,unverified (read by research sub-agent; not re-read)
UK Biobank,Health & Wellbeing (COVID) questionnaire completed,201684,https://pmc.ncbi.nlm.nih.gov/articles/PMC12311030/,2026-09-24,unverified (read by research sub-agent; not re-read)
UK Biobank,"HES G93.3 with accelerometry (ESTIMATE = 1,462 x 103,568/~502,000; upper bound)",302,derived,2026-09-24,estimate
UK Biobank,Long COVID with accelerometry,0 (all accelerometry 2013-2019),https://biobank.ndph.ox.ac.uk/showcase/label.cgi?id=1008,2026-09-24,inference from verified dates
FinnGen,fibromyalgia M79.7 cases (Risteys),4291,https://risteys.finngen.fi/endpoints/M13_FIBROMYALGIA,2026-09-24,unverified (read by research sub-agent; not re-read)
FinnGen,postviral fatigue G93.3 cases (Risteys G6_POSTVIRFAT),334,https://risteys.finngen.fi/,2026-09-24,unverified (read by research sub-agent; not re-read)
FinnGen,participants with wearable data (cohort-wide),0,https://www.finngen.fi/en/researchers/accessing,2026-09-24,unverified (read by research sub-agent; not re-read) (absence)
Lifelines,COVID questionnaire respondents (Ballering 2022),76422,https://pubmed.ncbi.nlm.nih.gov/35934007/,2026-09-24,unverified (read by research sub-agent; not re-read)
Lifelines,"ActiveLIFE thigh accelerometry collected (target 60,000)",15382,https://www.radboudumc.nl/en/ongoing-studies/activelife,2026-09-24,unverified (read by research sub-agent; not re-read)
Lifelines,"self-reported CFS (ESTIMATE = 94,516 x 1.3%)",1229,https://pubmed.ncbi.nlm.nih.gov/25768845/,2026-09-24,estimate
Lifelines,"self-reported fibromyalgia (ESTIMATE = 94,516 x 3.0%)",2835,https://pubmed.ncbi.nlm.nih.gov/25768845/,2026-09-24,estimate
HUNT4,valid dual-accelerometer participants,32644,https://pmc.ncbi.nlm.nih.gov/articles/PMC13457080/,2026-09-24,unverified (read by research sub-agent; not re-read)
NAKO,valid hip ActiGraph participants,63236,https://pmc.ncbi.nlm.nih.gov/articles/PMC10995156/,2026-09-24,unverified (read by research sub-agent; not re-read)
Evidation Homekit2020 (Synapse syn22803188),participants with dense Fitbit data,848,https://pmc.ncbi.nlm.nih.gov/articles/PMC11489794/,2026-09-24,unverified (read by research sub-agent; not re-read)
All of Us,"participants with lab/measurement concept LOINC 21582-2 (Tryptase [Mass/volume] in Serum or Plasma) [serum tryptase] (rounded to 20; tested, not abnormal)",4420,https://public.api.researchallofus.org/v1/databrowser/searchConcepts (POST; raw: data/raw/controlled_cohorts/aou_databrowser/searchConcepts_labs.json),2026-09-24,verified
All of Us,"participants with lab/measurement concept SNOMED 121873004 (Tryptase measurement) [serum tryptase] (rounded to 20; tested, not abnormal)",900,https://public.api.researchallofus.org/v1/databrowser/searchConcepts (POST; raw: data/raw/controlled_cohorts/aou_databrowser/searchConcepts_labs.json),2026-09-24,verified
All of Us,"participants with lab/measurement concept LOINC 51834-0 (Tryptase [Moles/volume] in Serum or Plasma) [serum tryptase] (rounded to 20; tested, not abnormal)",40,https://public.api.researchallofus.org/v1/databrowser/searchConcepts (POST; raw: data/raw/controlled_cohorts/aou_databrowser/searchConcepts_labs.json),2026-09-24,verified
All of Us,"participants with lab/measurement concept LOINC 33343-5 (Leukotriene E4/Creatinine [Mass Ratio] in Urine) [urinary leukotriene E4] (rounded to 20; tested, not abnormal)",60,https://public.api.researchallofus.org/v1/databrowser/searchConcepts (POST; raw: data/raw/controlled_cohorts/aou_databrowser/searchConcepts_labs.json),2026-09-24,verified
All of Us,"participants with lab/measurement concept LOINC 33344-3 (Leukotriene E4 [Mass/volume] in Urine) [urinary leukotriene E4] (rounded to 20; tested, not abnormal)",<=20,https://public.api.researchallofus.org/v1/databrowser/searchConcepts (POST; raw: data/raw/controlled_cohorts/aou_databrowser/searchConcepts_labs.json),2026-09-24,verified
All of Us,"participants with lab/measurement concept LOINC 101115-4 (Leukotriene E4/Creatinine [Mass Ratio] in 24 hour Urine) [urinary leukotriene E4] (rounded to 20; tested, not abnormal)",<=20,https://public.api.researchallofus.org/v1/databrowser/searchConcepts (POST; raw: data/raw/controlled_cohorts/aou_databrowser/searchConcepts_labs.json),2026-09-24,verified
All of Us,"participants with lab/measurement concept LOINC 94381-1 (2,3-dinor 11 beta-Prostaglandin F2 alpha/Creatinine [Mass Ratio] in 24 hour Urine) [urinary 2,3-dinor-11beta-PGF2alpha] (rounded to 20; tested, not abnormal)",60,https://public.api.researchallofus.org/v1/databrowser/searchConcepts (POST; raw: data/raw/controlled_cohorts/aou_databrowser/searchConcepts_labs.json),2026-09-24,verified
All of Us,"participants with lab/measurement concept LOINC 97658-9 (2,3-dinor 11 beta-Prostaglandin F2 alpha/Creatinine [Mass Ratio] in Urine) [urinary 2,3-dinor-11beta-PGF2alpha] (rounded to 20; tested, not abnormal)",40,https://public.api.researchallofus.org/v1/databrowser/searchConcepts (POST; raw: data/raw/controlled_cohorts/aou_databrowser/searchConcepts_labs.json),2026-09-24,verified
All of Us,"participants with lab/measurement concept LOINC 14054-1 (Prostaglandin D2 [Mass/time] in 24 hour Urine) [urinary prostaglandin D2] (rounded to 20; tested, not abnormal)",60,https://public.api.researchallofus.org/v1/databrowser/searchConcepts (POST; raw: data/raw/controlled_cohorts/aou_databrowser/searchConcepts_labs.json),2026-09-24,verified
All of Us,"participants with lab/measurement concept LOINC 44340-8 (N-methylhistamine/Creatinine [Mass Ratio] in 24 hour Urine) [urinary N-methylhistamine] (rounded to 20; tested, not abnormal)",280,https://public.api.researchallofus.org/v1/databrowser/searchConcepts (POST; raw: data/raw/controlled_cohorts/aou_databrowser/searchConcepts_labs.json),2026-09-24,verified
All of Us,"participants with lab/measurement concept LOINC 13781-0 (N-methylhistamine/Creatinine [Mass Ratio] in Urine) [urinary N-methylhistamine] (rounded to 20; tested, not abnormal)",80,https://public.api.researchallofus.org/v1/databrowser/searchConcepts (POST; raw: data/raw/controlled_cohorts/aou_databrowser/searchConcepts_labs.json),2026-09-24,verified
All of Us,"participants with lab/measurement concept LOINC 26053-9 (N-methylhistamine [Moles/time] in 24 hour Urine) [urinary N-methylhistamine] (rounded to 20; tested, not abnormal)",<=20,https://public.api.researchallofus.org/v1/databrowser/searchConcepts (POST; raw: data/raw/controlled_cohorts/aou_databrowser/searchConcepts_labs.json),2026-09-24,verified
All of Us,"participants with lab/measurement concept LOINC 12714-2 (N-methylhistamine [Mass/volume] in Urine) [urinary N-methylhistamine] (rounded to 20; tested, not abnormal)",<=20,https://public.api.researchallofus.org/v1/databrowser/searchConcepts (POST; raw: data/raw/controlled_cohorts/aou_databrowser/searchConcepts_labs.json),2026-09-24,verified
All of Us,"participants with lab/measurement concept LOINC 2416-6 (Histamine [Mass/volume] in Serum or Plasma) [plasma/serum histamine] (rounded to 20; tested, not abnormal)",260,https://public.api.researchallofus.org/v1/databrowser/searchConcepts (POST; raw: data/raw/controlled_cohorts/aou_databrowser/searchConcepts_labs.json),2026-09-24,verified
All of Us,"participants with lab/measurement concept LOINC 88519-4 (KIT gene c.2447A>T [Presence] in Blood or Tissue by Molecular genetics method) [KIT D816V (c.2447A>T)] (rounded to 20; tested, not abnormal)",100,https://public.api.researchallofus.org/v1/databrowser/searchConcepts (POST; raw: data/raw/controlled_cohorts/aou_databrowser/searchConcepts_labs.json),2026-09-24,verified
All of Us,"participants with lab/measurement concept LOINC 55201-8 (KIT gene targeted mutation analysis in Blood or Tissue by Molecular genetics method) [KIT targeted mutation analysis] (rounded to 20; tested, not abnormal)",100,https://public.api.researchallofus.org/v1/databrowser/searchConcepts (POST; raw: data/raw/controlled_cohorts/aou_databrowser/searchConcepts_labs.json),2026-09-24,verified
All of Us,"participants with lab/measurement concept CPT4 81273 (KIT (v-kit Hardy-Zuckerman 4 feline sarcoma viral oncogene homolog) (eg, mastocytosis), gene analysis, D816 variant(s)) [KIT gene analysis (CPT 81273, mastocytosis)] (rounded to 20; tested, not abnormal)",60,https://public.api.researchallofus.org/v1/databrowser/searchConcepts (POST; raw: data/raw/controlled_cohorts/aou_databrowser/searchConcepts_labs.json),2026-09-24,verified
All of Us,"participants with lab/measurement concept LOINC 2666-6 (Norepinephrine [Mass/volume] in Plasma) [plasma norepinephrine] (rounded to 20; tested, not abnormal)",1080,https://public.api.researchallofus.org/v1/databrowser/searchConcepts (POST; raw: data/raw/controlled_cohorts/aou_databrowser/searchConcepts_labs.json),2026-09-24,verified
All of Us,"participants with lab/measurement concept LOINC 14852-8 (Norepinephrine [Moles/volume] in Plasma) [plasma norepinephrine] (rounded to 20; tested, not abnormal)",<=20,https://public.api.researchallofus.org/v1/databrowser/searchConcepts (POST; raw: data/raw/controlled_cohorts/aou_databrowser/searchConcepts_labs.json),2026-09-24,verified
All of Us,"participants with lab/measurement concept LOINC 1601-4 (Norepinephrine [Mass/volume] in Plasma --supine) [plasma norepinephrine supine] (rounded to 20; tested, not abnormal)",<=20,https://public.api.researchallofus.org/v1/databrowser/searchConcepts (POST; raw: data/raw/controlled_cohorts/aou_databrowser/searchConcepts_labs.json),2026-09-24,verified
All of Us,"participants with lab/measurement concept LOINC 17368-2 (Norepinephrine [Mass/volume] in Plasma --standing) [plasma norepinephrine standing] (rounded to 20; tested, not abnormal)",<=20,https://public.api.researchallofus.org/v1/databrowser/searchConcepts (POST; raw: data/raw/controlled_cohorts/aou_databrowser/searchConcepts_labs.json),2026-09-24,verified
All of Us,"participants with lab/measurement concept LOINC 95054-3 (EPINEPHrine [Mass/volume] in Plasma --standing) [plasma epinephrine standing] (rounded to 20; tested, not abnormal)",<=20,https://public.api.researchallofus.org/v1/databrowser/searchConcepts (POST; raw: data/raw/controlled_cohorts/aou_databrowser/searchConcepts_labs.json),2026-09-24,verified
All of Us,"participants with lab/measurement concept LOINC 2056-0 (Catecholamines [Mass/volume] in Plasma) [plasma catecholamines] (rounded to 20; tested, not abnormal)",440,https://public.api.researchallofus.org/v1/databrowser/searchConcepts (POST; raw: data/raw/controlled_cohorts/aou_databrowser/searchConcepts_labs.json),2026-09-24,verified
All of Us,"participants with lab/measurement concept LOINC 34551-2 (Catecholamines 3 panel [Mass/volume] - Plasma) [plasma catecholamines 3 panel] (rounded to 20; tested, not abnormal)",60,https://public.api.researchallofus.org/v1/databrowser/searchConcepts (POST; raw: data/raw/controlled_cohorts/aou_databrowser/searchConcepts_labs.json),2026-09-24,verified
All of Us,"participants with lab/measurement concept LOINC 42493-7 (Catecholamines Free fractionated [Mass/volume] in Plasma) [plasma free fractionated catecholamines] (rounded to 20; tested, not abnormal)",40,https://public.api.researchallofus.org/v1/databrowser/searchConcepts (POST; raw: data/raw/controlled_cohorts/aou_databrowser/searchConcepts_labs.json),2026-09-24,verified
All of Us,"participants with lab/measurement concept LOINC 2668-2 (Norepinephrine [Mass/time] in 24 hour Urine) [24-h urine norepinephrine] (rounded to 20; tested, not abnormal)",1740,https://public.api.researchallofus.org/v1/databrowser/searchConcepts (POST; raw: data/raw/controlled_cohorts/aou_databrowser/searchConcepts_labs.json),2026-09-24,verified
All of Us,"participants with lab/measurement concept LOINC 2143-6 (Cortisol [Mass/volume] in Serum or Plasma) [serum/plasma cortisol] (rounded to 20; tested, not abnormal)",20160,https://public.api.researchallofus.org/v1/databrowser/searchConcepts (POST; raw: data/raw/controlled_cohorts/aou_databrowser/searchConcepts_labs.json),2026-09-24,verified
All of Us,"participants with lab/measurement concept LOINC 9813-7 (Cortisol [Mass/volume] in Serum or Plasma --AM peak specimen) [serum/plasma cortisol AM] (rounded to 20; tested, not abnormal)",6680,https://public.api.researchallofus.org/v1/databrowser/searchConcepts (POST; raw: data/raw/controlled_cohorts/aou_databrowser/searchConcepts_labs.json),2026-09-24,verified
All of Us,"participants with lab/measurement concept LOINC 2147-7 (Cortisol Free [Mass/time] in 24 hour Urine) [24-h urine free cortisol] (rounded to 20; tested, not abnormal)",2220,https://public.api.researchallofus.org/v1/databrowser/searchConcepts (POST; raw: data/raw/controlled_cohorts/aou_databrowser/searchConcepts_labs.json),2026-09-24,verified
All of Us,"participants with lab/measurement concept LOINC 2142-8 (Cortisol [Mass/volume] in Saliva (oral fluid)) [salivary cortisol] (rounded to 20; tested, not abnormal)",920,https://public.api.researchallofus.org/v1/databrowser/searchConcepts (POST; raw: data/raw/controlled_cohorts/aou_databrowser/searchConcepts_labs.json),2026-09-24,verified
All of Us,"participants with lab/measurement concept LOINC 42233-7 (Acetylcholine receptor ganglionic neuronal Ab [Moles/volume] in Serum) [ganglionic AChR antibody] (rounded to 20; tested, not abnormal)",920,https://public.api.researchallofus.org/v1/databrowser/searchConcepts (POST; raw: data/raw/controlled_cohorts/aou_databrowser/searchConcepts_labs.json),2026-09-24,verified
All of Us,"participants with lab/measurement concept LOINC 69001-6 (Heart rate --standing) [heart rate standing] (rounded to 20; tested, not abnormal)",500,https://public.api.researchallofus.org/v1/databrowser/searchConcepts (POST; raw: data/raw/controlled_cohorts/aou_databrowser/searchConcepts_labs.json),2026-09-24,verified
All of Us,"participants with lab/measurement concept LOINC 68999-2 (Heart rate --supine) [heart rate supine] (rounded to 20; tested, not abnormal)",460,https://public.api.researchallofus.org/v1/databrowser/searchConcepts (POST; raw: data/raw/controlled_cohorts/aou_databrowser/searchConcepts_labs.json),2026-09-24,verified
All of Us,"participants with lab/measurement concept CPT4 93660 (Evaluation of cardiovascular function with tilt table evaluation, with continuous ECG monitoring and intermittent blood pressure monitoring, with or without pharmacological intervention) [tilt table evaluation] (rounded to 20; tested, not abnormal)",1780,https://public.api.researchallofus.org/v1/databrowser/searchConcepts (POST; raw: data/raw/controlled_cohorts/aou_databrowser/searchConcepts_labs.json),2026-09-24,verified
All of Us,"participants with lab/measurement concept CPT4 95924 (Testing of autonomic nervous system function; combined parasympathetic and sympathetic adrenergic function testing with at least 5 minutes of passive tilt) [autonomic function testing (combined)] (rounded to 20; tested, not abnormal)",820,https://public.api.researchallofus.org/v1/databrowser/searchConcepts (POST; raw: data/raw/controlled_cohorts/aou_databrowser/searchConcepts_labs.json),2026-09-24,verified
All of Us,"participants with lab/measurement concept CPT4 78110 (Plasma volume, radiopharmaceutical volume-dilution technique (separate procedure); single sampling) [plasma volume, single sampling] (rounded to 20; tested, not abnormal)",<=20,https://public.api.researchallofus.org/v1/databrowser/searchConcepts (POST; raw: data/raw/controlled_cohorts/aou_databrowser/searchConcepts_labs.json),2026-09-24,verified
All of Us,"participants with lab/measurement concept CPT4 78111 (Plasma volume, radiopharmaceutical volume-dilution technique (separate procedure); multiple samplings) [plasma volume, multiple sampling] (rounded to 20; tested, not abnormal)",40,https://public.api.researchallofus.org/v1/databrowser/searchConcepts (POST; raw: data/raw/controlled_cohorts/aou_databrowser/searchConcepts_labs.json),2026-09-24,verified
All of Us,"participants with lab/measurement concept CPT4 78122 (Whole blood volume determination, including separate measurement of plasma volume and red cell volume (radiopharmaceutical volume-dilution technique)) [whole blood volume incl. plasma + red cell volume] (rounded to 20; tested, not abnormal)",40,https://public.api.researchallofus.org/v1/databrowser/searchConcepts (POST; raw: data/raw/controlled_cohorts/aou_databrowser/searchConcepts_labs.json),2026-09-24,verified
All of Us,"participants with serum tryptase (LOINC 21582-2), sex at birth = Other (rounded to 20)",40,https://public.api.researchallofus.org/v1/databrowser/concept-analysis-results?concept-ids=3019420&domain-id=Measurement,2026-09-24,verified
All of Us,"participants with serum tryptase (LOINC 21582-2), sex at birth = Male (rounded to 20)",960,https://public.api.researchallofus.org/v1/databrowser/concept-analysis-results?concept-ids=3019420&domain-id=Measurement,2026-09-24,verified
All of Us,"participants with serum tryptase (LOINC 21582-2), sex at birth = Female (rounded to 20)",3460,https://public.api.researchallofus.org/v1/databrowser/concept-analysis-results?concept-ids=3019420&domain-id=Measurement,2026-09-24,verified
All of Us,"Labs & Measurements concepts measuring calcitonin gene-related peptide (CGRP) returned for search 'calcitonin gene' (number of CONCEPTS, not participants; 0 concepts returned in total)",0,https://public.api.researchallofus.org/v1/databrowser/searchConcepts (POST; raw: data/raw/controlled_cohorts/aou_databrowser/searchConcepts_labs.json),2026-09-24,verified
All of Us,"Labs & Measurements concepts measuring calcitonin gene-related peptide (CGRP) returned for search 'CGRP' (number of CONCEPTS, not participants; 0 concepts returned in total)",0,https://public.api.researchallofus.org/v1/databrowser/searchConcepts (POST; raw: data/raw/controlled_cohorts/aou_databrowser/searchConcepts_labs.json),2026-09-24,verified
All of Us,"Labs & Measurements concepts measuring GPCR / adrenergic / muscarinic receptor autoantibodies returned for search 'muscarinic' (number of CONCEPTS, not participants; 0 concepts returned in total)",0,https://public.api.researchallofus.org/v1/databrowser/searchConcepts (POST; raw: data/raw/controlled_cohorts/aou_databrowser/searchConcepts_labs.json),2026-09-24,verified
All of Us,"Labs & Measurements concepts measuring GPCR / adrenergic / muscarinic receptor autoantibodies returned for search 'adrenergic receptor' (number of CONCEPTS, not participants; 2 concepts returned in total)",0,https://public.api.researchallofus.org/v1/databrowser/searchConcepts (POST; raw: data/raw/controlled_cohorts/aou_databrowser/searchConcepts_labs.json),2026-09-24,verified
All of Us,"Labs & Measurements concepts measuring TPSAB1 copy number (hereditary alpha-tryptasemia) returned for search 'TPSAB1' (number of CONCEPTS, not participants; 0 concepts returned in total)",0,https://public.api.researchallofus.org/v1/databrowser/searchConcepts (POST; raw: data/raw/controlled_cohorts/aou_databrowser/searchConcepts_labs.json),2026-09-24,verified
