match_method,match_confidence,record_id,name,city,state,zip5,linked_to_record_id,linked_name,linked_city,linked_zip5,link_distance_km,facility_id
contained_name_same_city,0.7,ctgov_site:department of gastroenterology university of utah hospital|salt lake city|utah|united states,Department of Gastroenterology University of Utah Hospital,Salt Lake City,UT,84132,npi:1871689562,UTAH GASTROENTEROLOGY LLC,SALT LAKE CITY,84124,12.137496040738526,npi-1871689562
contained_name_same_city,0.7,npi:1073765566,NEW YORK PRESBYTERIAN/WEILL CORNELL HOSPITAL,NEW YORK,NY,10065,ctgov_site:the new york presbyterian hospital weill cornell medical center|new york|new york|united states,The New York Presbyterian Hospital-Weill Cornell Medical Center,New York,10021,0.6564627305305138,npi-1073765566
contained_name_same_city,0.7,npi:1457093411,"SIXTEENTH STREET COMMUNITY HEALTH CENTER, INC",WAUKESHA,WI,53186,hrsa_site:BPS-H80-012900,Sixteenth Street Community Health Centers-Waukesha,Waukesha,53188,2.4854437444667363,hrsa-BPS-H80-012900
contained_name_same_city,0.7,ctgov_site:clinical neuroscineces solutions orlando|orlando|florida|united states,Clinical Neuroscineces Solutions - Orlando,Orlando,FL,32801,ctgov_site:clinical neuroscineces solutions|orlando|florida|united states,Clinical Neuroscineces Solutions,Orlando,32806,3.548274374456943,ctgov-36eb38667428
contained_name_same_city,0.7,ctgov_site:wake forest university school of medicine|winston salem|north carolina|united states,Wake Forest University School of Medicine,Winston-Salem,NC,27101,ctgov_site:wake forest school of medicine|winston salem|north carolina|united states,Wake Forest School of Medicine,Winston-Salem,27157,4.119453794893734,ctgov-ec8fa7d879f1
contained_name_same_city,0.7,ctgov_site:meridian clinical research savannah neurology|savannah|georgia|united states,Meridian Clinical Research (Savannah Neurology),Savannah,GA,31406,ctgov_site:meridian clinical research savannah neurology specialists|savannah|georgia|united states,Meridian Clinical Research - Savannah Neurology Specialists,Savannah,31405,11.024632694992947,ctgov-a1485eb8d5c5
contained_name_same_city,0.7,nih_org:481069,CINCINNATI VA MEDICAL CENTER RESEARCH,CINCINNATI,OH,45220,npi:1770766008,CINCINNATI VA MEDICAL CENTER,CINCINNATI,45219,2.342214981461151,npi-1770766008
contained_name_same_city,0.7,ctgov_site:renaissance clinical research & hypertension of texas pllc|dallas|texas|united states,"Renaissance Clinical Research & Hypertension of Texas, PLLC",Dallas,TX,,npi:1578689675,RENAISSANCE CLINICAL RESEARCH & HYPERTENSION CLINIC OF TEXAS PLLC,DALLAS,75235,6.787733373638612,npi-1578689675
contained_name_same_city,0.7,npi:1578689675,RENAISSANCE CLINICAL RESEARCH & HYPERTENSION CLINIC OF TEXAS PLLC,DALLAS,TX,75235,ctgov_site:renaissance clinical research & hypertension of texas pllc|dallas|texas|united states,"Renaissance Clinical Research & Hypertension of Texas, PLLC",Dallas,,6.787733373638612,npi-1578689675
contained_name_same_city,0.7,ctgov_site:beverly hills gastroenterology|los angeles|california|united states,Beverly Hills Gastroenterology,Los Angeles,CA,90067,npi:1598999815,BEVERLY HILLS GASTROENTEROLOGY ASSOCIATES,LOS ANGELES,90048,4.198760923850581,npi-1598999815
contained_name_same_city,0.7,npi:1255968483,PAIN ARIZONA LLC,SCOTTSDALE,AZ,85266,ctgov_site:arizona pain specialists|scottsdale|arizona|united states,Arizona Pain Specialists,Scottsdale,85258,22.86212061093247,npi-1255968483
contained_name_same_city,0.7,ctgov_site:virginia beach|virginia beach|virginia|united states,Virginia Beach,Virginia Beach,VA,23502,npi:1942616602,"VIRGINIA BEACH MEDICAL ASSOCIATES, PLC",VIRGINIA BEACH,23454,13.331643288405074,hrsa-BPS-H80-011006
contained_name_same_city,0.7,ctgov_site:pain management center and pain research center at the university of utah|salt lake city|utah|united states,Pain Management Center and Pain Research Center at the University of Utah,Salt Lake City,UT,84132,ctgov_site:pain research center university of utah|salt lake city|utah|united states,"Pain Research Center, University of Utah",Salt Lake City,84108,14.777256606440465,ctgov-9e4180eccb18
contained_name_same_city,0.7,ctgov_site:alliance for multispecialty research llc tempe|tempe|arizona|united states,"Alliance for Multispecialty Research, LLC Tempe",Tempe,AZ,85281,ctgov_site:alliance for multispecialty research|tempe|arizona|united states,Alliance For Multispecialty Research,Tempe,85283,6.9868268630067565,ctgov-52833be6ab9a
contained_name_same_city,0.7,ctgov_site:cherry hill|cherry hill|new jersey|united states,Cherry Hill,Cherry Hill,NJ,08034,npi:1548358641,"CHERRY HILL FAMILY PRACTICE, P.A.",CHERRY HILL,08002,3.8205945338361404,npi-1548358641
contained_name_same_city,0.7,ctgov_site:sanford usd medical center sioux falls|sioux falls|south dakota|united states,Sanford USD Medical Center - Sioux Falls,Sioux Falls,SD,57117,ctgov_site:sanford usd medical center|sioux falls|south dakota|united states,Sanford USD Medical Center,Sioux Falls,57104,8.965356793028082,ctgov-71af5c494486
contained_name_same_city,0.7,ctgov_site:panama city|panama city|florida|united states,Panama City,Panama City,FL,32405,npi:1568385003,PANAMA CITY PRIMARY CARE,PANAMA CITY,32401,5.426357999335029,npi-1568385003
contained_name_same_city,0.7,npi:1518905439,MIR NEUROLOGY CENTER PA,HAGERSTOWN,MD,21742,ctgov_site:mir neurology|hagerstown|maryland|united states,Mir Neurology,Hagerstown,21740,9.352174868494284,npi-1518905439
contained_name_same_city,0.7,ctgov_site:new york presbyterian hospital cornell university|new york|new york|united states,New York Presbyterian Hospital/Cornell University,New York,NY,10021,npi:1710137542,NEW YORK PRESBYTERIAN CORNELL,NEW YORK,10065,0.6564627305305138,npi-1710137542
contained_name_same_city,0.7,ctgov_site:houston sleep center|houston|texas|united states,Houston Sleep Center,Houston,TX,77063,npi:1093932345,"NORTH HOUSTON SLEEP CENTER, INC",HOUSTON,77092,11.58666596434021,npi-1093932345
contained_name_same_city,0.7,npi:1912226572,THE UNIVERSITY OF TEXAS SOUTHWESTERN MEDICAL CENTER AT DALLAS,DALLAS,TX,75284,ctgov_site:the university of texas southwestern medical center|dallas|texas|united states,The University of Texas Southwestern Medical Center,Dallas,75390,,npi-1003903428
contained_name_same_city,0.7,ctgov_site:wake forest school of medicine|winston salem|north carolina|united states,Wake Forest School of Medicine,Winston-Salem,NC,27157,ctgov_site:wake forest university school of medicine|winston salem|north carolina|united states,Wake Forest University School of Medicine,Winston-Salem,27101,4.119453794893734,ctgov-ec8fa7d879f1
contained_name_same_city,0.7,ctgov_site:overland park regional medical center|overland park|kansas|united states,Overland Park Regional Medical Center,Overland Park,KS,66215,npi:1457183469,OVERLAND PARK MEDICAL CENTER LLC,OVERLAND PARK,66212,5.463081535496504,npi-1457183469
contained_name_same_city,0.7,npi:1548194343,COMMUNITY HEALTH CENTERS OF GREATER DAYTON,DAYTON,OH,45410,hrsa_site:BPS-H80-008313,Community Health Centers of Greater Dayton - East Dayton Health Center,Dayton,45403,1.85719338014171,hrsa-BPS-H80-008313
contained_name_same_city,0.7,npi:1346460904,UC DAVIS MEDICAL CENTER,SACRAMENTO,CA,95820,ctgov_site:uc davis|sacramento|california|united states,UC Davis,Sacramento,95817,2.0711499927184533,npi-1023093036
contained_name_same_zip,0.8,ctgov_site:choc children s|orange|california|united states,CHOC Children's,Orange,CA,92868,npi:1225402761,CHOC CHILDREN'S HOSPITAL,ORANGE,92868,0.0,npi-1225402761
contained_name_same_zip,0.8,npi:1598296691,MEMPHIS VA MEDICAL CENTER,MEMPHIS,TN,38104,ctgov_site:memphis va medical center memphis tn|memphis|tennessee|united states,"Memphis VA Medical Center, Memphis, TN",Memphis,38104,0.0,npi-1598296691
contained_name_same_zip,0.8,hrsa_site:BPS-H80-039539,Sierra Medical Family Inc,Nevada City,CA,95959,npi:1558140640,SIERRA FAMILY MEDICAL CLINIC INC,NEVADA CITY,95959,0.0,hrsa-BPS-H80-039539
contained_name_same_zip,0.8,npi:1447556345,"DUKE UNIVERSITY HEALTH SYSTEMS, INC",DURHAM,NC,27705,ctgov_site:duke university|durham|north carolina|united states,Duke University,Durham,27705,0.0,npi-1225073554
contained_name_same_zip,0.8,npi:1114145042,"SCOTTSDALE MEDICAL ASSOCIATES,INC",SCOTTSDALE,AZ,85251,ctgov_site:scottsdale|scottsdale|arizona|united states,Scottsdale,Scottsdale,85251,0.0,npi-1114145042
contained_name_same_zip,0.8,npi:1659311405,"MEDICAL COLLEGE OF OHIO PHYSICIANS, LLC",TOLEDO,OH,43614,ctgov_site:medical college of ohio|toledo|ohio|united states,Medical College of Ohio,Toledo,43614,0.0,npi-1659311405
contained_name_same_zip,0.8,ctgov_site:penn state university milton s hershey medical center|hershey|pennsylvania|united states,Penn State University - Milton S. Hershey Medical Center,Hershey,PA,17033,ctgov_site:penn state milton s hershey medical center|hershey|pennsylvania|united states,Penn State Milton S. Hershey Medical Center,Hershey,17033,0.0,ctgov-b462079209ec
contained_name_same_zip,0.8,npi:1790612018,AKRON GENERAL MEDICAL CENTER,AKRON,OH,44313,ctgov_site:akron|akron|ohio|united states,Akron,Akron,44313,0.0,npi-1790612018
contained_name_same_zip,0.8,ctgov_site:upstate clinical research associates research center|williamsville|new york|united states,Upstate Clinical Research Associates - Research Center,Williamsville,NY,14221,ctgov_site:upstate clinical research associates llc|williamsville|new york|united states,"Upstate Clinical Research Associates, LLC",Williamsville,14221,0.0,ctgov-4f221ea488bb
contained_name_same_zip,0.8,npi:1285665455,APEX MEDICAL CENTER PC,APEX,NC,27502,hrsa_site:BPS-H80-001642,APEX,Apex,27502,0.0,hrsa-BPS-H80-001642
contained_name_same_zip,0.8,hrsa_site:BPS-H80-016810,Metro Community Health Centers - Staten island,Staten Island,NY,10303,npi:1649516352,"METRO COMMUNITY HEALTH CENTERS, INC.",STATEN ISLAND,10303,0.0,hrsa-BPS-H80-016810
contained_name_same_zip,0.8,ctgov_site:premiere research institute palm beach|west palm beach|florida|united states,Premiere Research Institute Palm Beach,West Palm Beach,FL,33407,ctgov_site:premiere research institute|west palm beach|florida|united states,Premiere Research Institute,West Palm Beach,33407,0.0,ctgov-dbc277a19b44
contained_name_same_zip,0.8,hrsa_site:BPS-H80-037907,Charles Evans Center Seaford,Seaford,NY,11783,npi:1215596614,"CHARLES EVANS CENTER, INC",SEAFORD,11783,0.0,hrsa-BPS-H80-037907
contained_name_same_zip,0.8,ctgov_site:scripps research|la jolla|california|united states,Scripps Research,La Jolla,CA,92037,nih_org:7375802,"SCRIPPS RESEARCH INSTITUTE, THE",LA JOLLA,92037,0.0,nihorg-7375802
contained_name_same_zip,0.8,ctgov_site:nyu langone health medical center|new york|new york|united states,NYU Langone Health Medical Center,New York,NY,10016,ctgov_site:nyu langone health|new york|new york|united states,NYU Langone Health,New York,10016,0.0,npi-1093123762
contained_name_same_zip,0.8,npi:1629228382,"FAMILY PHYSICIANS OF SPARTANBURG, PC",SPARTANBURG,SC,29301,ctgov_site:spartanburg|spartanburg|south carolina|united states,Spartanburg,Spartanburg,29301,0.0,npi-1104867845
contained_name_same_zip,0.8,ctgov_site:franklin|franklin|ohio|united states,Franklin,Franklin,OH,45005,npi:1528092319,FRANKLIN MEDICAL GROUP,FRANKLIN,45005,0.0,npi-1528092319
contained_name_same_zip,0.8,npi:1245785567,"OVIEDO MEDICAL CENTER, LLC",OVIEDO,FL,32765,ctgov_site:oviedo|oviedo|florida|united states,Oviedo,Oviedo,32765,0.0,npi-1215190962
contained_name_same_zip,0.8,ctgov_site:mount sinai hospital pharmacy department|new york|new york|united states,Mount Sinai Hospital - Pharmacy Department,New York,NY,10029,npi:1225295512,MOUNT SINAI HOSPITAL PHARMACY,NEW YORK,10029,0.0,npi-1225295512
contained_name_same_zip,0.8,npi:1588093405,PHYSICIANS CARE CENTERS OF KISSIMMEE LLC,KISSIMMEE,FL,34741,ctgov_site:kissimmee|kissimmee|florida|united states,Kissimmee,Kissimmee,34741,0.0,npi-1558345173
contained_name_same_zip,0.8,ctgov_site:family medical associates of texas|allen|texas|united states,Family Medical Associates of Texas,Allen,TX,75013,npi:1548663651,"MEDICAL ASSOCIATES OF TEXAS, PA",ALLEN,75013,0.0,npi-1548663651
contained_name_same_zip,0.8,ctgov_site:oklahoma city clinic|midwest city|oklahoma|united states,Oklahoma City Clinic,Midwest City,OK,73110,ctgov_site:oklahoma city clinic midwest city|midwest city|oklahoma|united states,Oklahoma City Clinic - Midwest CIty,Midwest City,73110,0.0,ctgov-330fba0e1236
contained_name_same_zip,0.8,ctgov_site:edinger medical group clinical research center|fountain valley|california|united states,Edinger Medical Group Clinical Research Center,Fountain Valley,CA,92708,npi:1992724959,"EDINGER MEDICAL GROUP, INC.",FOUNTAIN VALLEY,92708,0.0,npi-1992724959
contained_name_same_zip,0.8,ctgov_site:heartland research associates|wichita|kansas|united states,Heartland Research Associates,Wichita,KS,67205,ctgov_site:heartland research|wichita|kansas|united states,Heartland Research,Wichita,67205,0.0,ctgov-edaff2639ffd
contained_name_same_zip,0.8,ctgov_site:aventiv research columbus|columbus|ohio|united states,Aventiv Research - Columbus,Columbus,OH,43213,ctgov_site:aventiv research inc|columbus|ohio|united states,"Aventiv Research, Inc.",Columbus,43213,0.0,ctgov-307ce16e0079
exact_name_same_city,0.8,nih_org:471501,EASTERN VIRGINIA MEDICAL SCHOOL,NORFOLK,VA,23501,npi:1578940268,EASTERN VIRGINIA MEDICAL SCHOOL,NORFOLK,23510,0.5118222286114689,npi-1578940268
exact_name_same_city,0.8,ctgov_site:baptist diabetes associates|miami|florida|united states,Baptist Diabetes Associates,Miami,FL,33176,ctgov_site:baptist diabetes associates p a|miami|florida|united states,"Baptist Diabetes Associates, P.A.",Miami,33156,6.4952683334448755,ctgov-efe872d45811
exact_name_same_city,0.8,ctgov_site:newton wellesley hospital|newton|massachusetts|united states,Newton-Wellesley Hospital,Newton,MA,02162,npi:1952845521,NEWTON WELLESLEY HOSPITAL,NEWTON,02462,3.8869393697242938,npi-1952845521
exact_name_same_city,0.8,nih_org:481157,SOUTH TEXAS VETERANS HEALTH CARE SYSTEM,SAN ANTONIO,TX,78229,npi:1972606986,SOUTH TEXAS VETERANS HEALTH CARE SYSTEM,SAN ANTONIO,78230,4.947458094848486,npi-1972606986
exact_name_same_city,0.8,npi:1245821875,WAKE FOREST UNIVERSITY HEALTH SCIENCES,WINSTON SALEM,NC,27104,ctgov_site:wake forest university health sciences|winston salem|north carolina|united states,Wake Forest University Health Sciences,Winston-Salem,27157,7.911675778304124,npi-1003803032
exact_name_same_city,0.8,ctgov_site:carolina digestive health associates|charlotte|north carolina|united states,Carolina Digestive Health Associates,Charlotte,NC,28210,npi:1124052444,"CAROLINA DIGESTIVE HEALTH ASSOCIATES, PA",CHARLOTTE,28211,6.711405304260192,npi-1124052444
exact_name_same_city,0.8,npi:1205868536,"GILBERT NEUROLOGY,LLC",GILBERT,AZ,85295,ctgov_site:gilbert neurology|gilbert|arizona|united states,Gilbert Neurology,Gilbert,85297,2.764519658079855,npi-1205868536
exact_name_same_city,0.8,nih_org:673901,CHEROKEE NATION,TAHLEQUAH,OK,74465,npi:1093722324,CHEROKEE NATION,TAHLEQUAH,74464,10.217568450721403,npi-1093722324
exact_name_same_city,0.8,npi:1952405409,"VIA CHRISTI CLINIC, PA",WICHITA,KS,67206,ctgov_site:via christi clinic pa|wichita|kansas|united states,"Via Christi Clinic, PA",Wichita,67208,4.817651733416601,npi-1659475119
exact_name_same_city,0.8,npi:1881727360,UNIVERSITY MEDICAL CENTER OF SOUTHERN NEVADA,LAS VEGAS,NV,89130,ctgov_site:university medical center of southern nevada|las vegas|nevada|united states,University Medical Center of Southern Nevada,Las Vegas,89102,12.551637796165833,npi-1548393127
exact_name_same_city,0.8,ctgov_site:eisenhower army medical center|fort gordon|georgia|united states,Eisenhower Army Medical Center,Fort Gordon,GA,30905,npi:1154480846,EISENHOWER ARMY MEDICAL CENTER,FORT GORDON,30907,13.796102049234163,npi-1154480846
exact_name_same_city,0.8,npi:1669674552,HOUSTON ENDOSCOPY AND RESEARCH CENTER,HOUSTON,TX,77024,ctgov_site:houston endoscopy & research center|houston|texas|united states,Houston Endoscopy & Research Center,Houston,77079,9.484821662867134,npi-1669674552
exact_name_same_city,0.8,npi:1568634970,JAMES J PETERS VA MEDICAL CENTER,BRONX,NY,10463,nih_org:481060,JAMES J PETERS VA  MEDICAL CENTER,BRONX,10468,1.9397441783387686,npi-1497911796
exact_name_same_city,0.8,npi:1881979698,FISHER TITUS MEDICAL CENTER,NORWALK,OH,44847,ctgov_site:fisher titus medical center|norwalk|ohio|united states,Fisher-Titus Medical Center,Norwalk,44857,11.416613267332464,npi-1659638518
exact_name_same_city,0.8,npi:1952468258,SHAILESH M ASAIKAR MD INC,SACRAMENTO,CA,95825,ctgov_site:shailesh m asaikar md inc dba child and adolescent neurology consultatns 119|sacramento|california|united states,"Shailesh M. Asaikar, MD. Inc. DBA Child and Adolescent Neurology Consultatns (119)",Sacramento,95815,3.5583927711419694,npi-1952468258
exact_name_same_city,0.8,npi:1285990135,LUCILLE PACKARD CHILDREN'S HOSPITAL,PALO ALTO,CA,94304,ctgov_site:lucille packard children s hospital|palo alto|california|united states,Lucille Packard Children's Hospital,Palo Alto,94305,2.3605949229230374,npi-1285990135
exact_name_same_city,0.8,npi:1922080266,COLUMBIA GASTROENTEROLOGY ASSOCIATES PA,COLUMBIA,SC,29204,ctgov_site:columbia gastroenterology associates|columbia|south carolina|united states,Columbia Gastroenterology Associates,Columbia,29203,8.80593683926023,npi-1922080266
exact_name_same_city,0.8,ctgov_site:gastrointestinal clinic of quad cities|davenport|iowa|united states,Gastrointestinal Clinic of Quad Cities,Davenport,IA,52087,npi:1942380605,"GASTROINTESTINAL CLINIC OF QUAD CITIES, P.C.",DAVENPORT,52807,10.93800139002019,npi-1942380605
exact_name_same_city,0.8,npi:1982862017,MIAMI VA HEALTH CARE SYSTEM,MIAMI,FL,33136,nih_org:481022,MIAMI VA HEALTH CARE SYSTEM,MIAMI,33125,3.1306127577893528,npi-1831293133
exact_name_same_city,0.8,ctgov_site:gold coast research llc|weston|florida|united states,Gold Coast Research LLC,Weston,FL,,ctgov_site:gold coast research|weston|florida|united states,Gold Coast Research,Weston,33331,5.364162802081376,ctgov-f4659f97699d
exact_name_same_city,0.8,ctgov_site:regen pain & wellness|scottsdale|arizona|united states,ReGen Pain & Wellness,Scottsdale,AZ,85260,ctgov_site:regen pain and wellness|scottsdale|arizona|united states,Regen Pain and Wellness,Scottsdale,85254,5.648981685224663,ctgov-749626b7efa7
exact_name_same_city,0.8,npi:1982072963,DETROIT HEALTH CARE FOR THE HOMELESS,DETROIT,MI,48226,hrsa_site:BPS-H80-030421,Detroit Health Care for the Homeless dba Advantage Health Centers Administrative Site,Detroit,48207,2.8458057384002133,hrsa-BPS-H80-030421
exact_name_same_city,0.8,nih_org:1524302,UNIVERSITY OF SOUTH CAROLINA AT COLUMBIA,COLUMBIA,SC,29208,ctgov_site:university of south carolina at columbia|columbia|south carolina|united states,University of South Carolina at Columbia,Columbia,29203,11.535207362847839,nihorg-1524302
exact_name_same_city,0.8,npi:1033234133,BROOKSIDE FAMILY PRACTICE & PEDIATRICS,POTTSTOWN,PA,19464,ctgov_site:brookside family practice and pediatrics|pottstown|pennsylvania|united states,Brookside Family Practice and Pediatrics,Pottstown,19465,9.597698290958162,npi-1033234133
exact_name_same_city,0.8,ctgov_site:unc center for functional gi and motility disorders|chapel hill|north carolina|united states,UNC Center for Functional GI and Motility Disorders,Chapel Hill,NC,27514,ctgov_site:the unc center for functional gi & motility disorders|chapel hill|north carolina|united states,The UNC Center for Functional GI & Motility Disorders,Chapel Hill,27599,6.951694028371759,ctgov-54a9f77bd08d
exact_name_same_zip,0.95,npi:1467401877,HOLY CROSS HOSPITAL INC,FT. LAUDERDALE,FL,33308,ctgov_site:holy cross hospital|fort lauderdale|florida|united states,Holy Cross Hospital,Fort Lauderdale,33308,0.0,npi-1326226655
exact_name_same_zip,0.95,npi:1023064086,"GERALD L. IGNACE INDIAN HEALTH CENTER, INC.",MILWAUKEE,WI,53204,hrsa_site:BPS-H80-021555,"Gerald L. Ignace Indian Health Center, Inc.",Milwaukee,53204,0.0,hrsa-BPS-H80-021555
exact_name_same_zip,0.95,ctgov_site:the parkinson s institute|sunnyvale|california|united states,The Parkinson's Institute,Sunnyvale,CA,94085,npi:1396782520,PARKINSON'S INSTITUTE,SUNNYVALE,94085,0.0,npi-1396782520
exact_name_same_zip,0.95,npi:1669860219,UNIVERSITY OF HAWAII AT MANOA,HONOLULU,HI,96822,nih_org:820005,UNIVERSITY OF HAWAII AT MANOA,HONOLULU,96822,0.0,npi-1669860219
exact_name_same_zip,0.95,npi:1558391474,COASTAL PULMONARY & CRITICAL CARE PLC,SAINT PETERSBURG,FL,33704,ctgov_site:coastal pulmonary and critical care|st petersburg|florida|united states,Coastal Pulmonary and Critical Care,St. Petersburg,33704,0.0,npi-1558391474
exact_name_same_zip,0.95,npi:1184649345,HACKENSACK UNIVERSITY MEDICAL CENTER,HACKENSACK,NJ,07601,ctgov_site:hackensack university medical center|hackensack|new jersey|united states,Hackensack University Medical Center,Hackensack,07601,0.0,npi-1184649345
exact_name_same_zip,0.95,npi:1306855366,UPMC PRESBYTERIAN SHADYSIDE,PITTSBURGH,PA,15213,ctgov_site:upmc presbyterian shadyside|pittsburgh|pennsylvania|united states,UPMC Presbyterian Shadyside,Pittsburgh,15213,0.0,npi-1306855366
exact_name_same_zip,0.95,npi:1588989149,HEALING HANDS OF VIRGINIA PLLC,RICHMOND,VA,23225,ctgov_site:healing hands of virginia llc|richmond|virginia|united states,Healing Hands of Virginia LLC,Richmond,23225,0.0,npi-1588989149
exact_name_same_zip,0.95,npi:1366582090,"NORTH SHORE COMMUNITY HEALTH, INC",SALEM,MA,01970,hrsa_site:BPS-H80-002424,"North Shore Community Health, Inc.",Salem,01970,0.0,hrsa-BPS-H80-002424
exact_name_same_zip,0.95,npi:1346306453,SEATTLE RHEUMATOLOGY ASSOCIATES PLLC,SEATTLE,WA,98104,ctgov_site:seattle rheumatology associates|seattle|washington|united states,Seattle Rheumatology Associates,Seattle,98104,0.0,npi-1346306453
exact_name_same_zip,0.95,npi:1619742681,"CURTIS V. COOPER PRIMARY HEALTH CARE, INC.",BLOOMINGDALE,GA,31302,hrsa_site:BPS-H80-037515,"Curtis V. Cooper Primary Health Care, Inc.",Bloomingdale,31302,0.0,hrsa-BPS-H80-037515
exact_name_same_zip,0.95,npi:1457395295,"GASTROENTEROLOGY ASSOCIATES, PA",GREENVILLE,SC,29615,ctgov_site:gastroenterology associates pa|greenville|south carolina|united states,"Gastroenterology Associates, PA",Greenville,29615,0.0,npi-1457395295
exact_name_same_zip,0.95,ctgov_site:compass research llc|orlando|florida|united states,"Compass Research, LLC",Orlando,FL,32806,ctgov_site:compass research|orlando|florida|united states,Compass Research,Orlando,32806,0.0,ctgov-36923e4f0dc6
exact_name_same_zip,0.95,hrsa_site:BPS-H80-035226,Oak Grove High School,Hattiesburg,MS,39402,npi:1790359966,OAK GROVE HIGH SCHOOL,HATTIESBURG,39402,0.0,hrsa-BPS-H80-035226
exact_name_same_zip,0.95,ctgov_site:clinical neuroscience solutions inc|jacksonville|florida|united states,"Clinical Neuroscience Solutions, Inc.",Jacksonville,FL,32256,ctgov_site:clinical neuroscience solutions inc dba cns healthcare|jacksonville|florida|united states,"Clinical Neuroscience Solutions, Inc. dba CNS Healthcare",Jacksonville,32256,0.0,ctgov-48a53a46e0a1
exact_name_same_zip,0.95,npi:1144540329,THOMAS JEFFERSON HOSPITAL,PHILADELPHIA,PA,19107,ctgov_site:thomas jefferson hospital|philadelphia|pennsylvania|united states,Thomas Jefferson Hospital,Philadelphia,19107,0.0,npi-1033129606
exact_name_same_zip,0.95,nih_org:481065,DURHAM VA MEDICAL CENTER,DURHAM,NC,27705,npi:1518127026,DURHAM VA MEDICAL CENTER,DURHAM,27705,0.0,npi-1114252343
exact_name_same_zip,0.95,npi:1043932700,CHOTA COMMUNITY HEALTH SERVICES,MADISONVILLE,TN,37354,hrsa_site:BPS-H80-014841,Chota Community Health Services,Madisonville,37354,0.0,hrsa-BPS-H80-014841
exact_name_same_zip,0.95,hrsa_site:BPS-H80-018847,Sapphire Community Health,Hamilton,MT,59840,npi:1003146812,SAPPHIRE COMMUNITY HEALTH INC,HAMILTON,59840,0.0,hrsa-BPS-H80-018847
exact_name_same_zip,0.95,ctgov_site:womens healthcare assoc dba id# 217839|idaho falls|idaho|united states,"Womens Healthcare Assoc, DBA /ID# 217839",Idaho Falls,ID,83404,ctgov_site:womens healthcare assoc dba id# 148744|idaho falls|idaho|united states,"Womens Healthcare Assoc, DBA /ID# 148744",Idaho Falls,83404,0.0,npi-1255400636
exact_name_same_zip,0.95,ctgov_site:albert einstein college of medicine|the bronx|new york|united states,Albert Einstein College of Medicine,The Bronx,NY,10461,nih_org:10039582,"ALBERT EINSTEIN COLLEGE OF MEDICINE, INC",BRONX,10461,0.0,nihorg-10039582
exact_name_same_zip,0.95,npi:1699038901,THE METHODIST HOSPITAL SYSTEM,HOUSTON,TX,77030,ctgov_site:the methodist hospital system|houston|texas|united states,The Methodist Hospital System,Houston,77030,0.0,npi-1548387418
exact_name_same_zip,0.95,npi:1437105160,"WESTROADS MEDICAL GROUP, P.C.",OMAHA,NE,68114,ctgov_site:westroads medical group|omaha|nebraska|united states,Westroads Medical Group,Omaha,68114,0.0,npi-1437105160
exact_name_same_zip,0.95,ctgov_site:pacific neuroscience medical group inc|oxnard|california|united states,"Pacific Neuroscience Medical Group, Inc.",Oxnard,CA,93030,ctgov_site:pacific neuroscience medical group|oxnard|california|united states,Pacific Neuroscience Medical Group,Oxnard,93030,0.0,ctgov-5cde7a40610d
exact_name_same_zip,0.95,ctgov_site:allied biomedical research institute inc|miami|florida|united states,"Allied Biomedical Research Institute, Inc.",Miami,FL,33155,ctgov_site:allied biomedical research institute|miami|florida|united states,Allied Biomedical Research Institute,Miami,33155,0.0,ctgov-eb9a86eb4b35
fuzzy_name_same_city,0.75,npi:1831257856,"GREATER BALTIMORE MEDICAL CENTER, INC.",BALTIMORE,MD,21202,ctgov_site:greater baltimore medical cente|baltimore|maryland|united states,Greater Baltimore Medical Cente,Baltimore,21204,12.218560021264075,npi-1013739382
fuzzy_name_same_city,0.75,ctgov_site:onsite clinical solutions llc clinedge site 147|charlotte|north carolina|united states,"OnSite Clinical Solutions, LLC - ClinEdge (Site 147)",Charlotte,NC,28210,ctgov_site:onsite clinical solutions llc clinedge site 146|charlotte|north carolina|united states,"OnSite Clinical Solutions, LLC - ClinEdge (Site 146)",Charlotte,28277,9.633559197595776,ctgov-0ae3921be5e9
fuzzy_name_same_city,0.75,ctgov_site:site reference id 413|houston|texas|united states,Site reference ID 413,Houston,TX,,ctgov_site:site reference id 434|houston|texas|united states,Site reference ID 434,Houston,,0.0,ctgov-59362ac70890
fuzzy_name_same_city,0.75,ctgov_site:university of california at irvine|irvine|california|united states,University of California at Irvine,Irvine,CA,92617,ctgov_site:university of california irvine|irvine|california|united states,University of California Irvine,Irvine,92697,1.1389290588419032,npi-1417027475
fuzzy_name_same_city,0.75,ctgov_site:alliance for multispecialty reseach llc|knoxville|tennessee|united states,"Alliance for Multispecialty Reseach, LLC",Knoxville,TN,37909,ctgov_site:alliance for multispecialty research llc|knoxville|tennessee|united states,"Alliance for Multispecialty Research, LLC",Knoxville,37920,15.368807436900017,ctgov-ebe970721723
fuzzy_name_same_city,0.75,npi:1821049560,ARLINGTON NEUROLOGY ASSOC,ARLINGTON,TX,76012,ctgov_site:neurology associates of arlington|arlington|texas|united states,Neurology Associates of Arlington,Arlington,76017,10.556346487430204,npi-1821049560
fuzzy_name_same_city,0.75,ctgov_site:site reference id 417|richmond|virginia|united states,Site reference ID 417,Richmond,VA,,ctgov_site:site reference id 412|richmond|virginia|united states,Site reference ID 412,Richmond,,0.0,ctgov-84cd9edaf43a
fuzzy_name_same_city,0.75,ctgov_site:site reference id 412|richmond|virginia|united states,Site reference ID 412,Richmond,VA,,ctgov_site:site reference id 417|richmond|virginia|united states,Site reference ID 417,Richmond,,0.0,ctgov-84cd9edaf43a
fuzzy_name_same_city,0.75,ctgov_site:hill top physicians inc hihgtop medical research center|cincinnati|ohio|united states,Hill Top Physicians Inc. / Hihgtop Medical Research Center,Cincinnati,OH,45224,ctgov_site:hill top physicians inc hightop medical research center|cincinnati|ohio|united states,Hill Top Physicians Inc./Hightop Medical Research Center,Cincinnati,,8.488084014726459,ctgov-b271e65b9858
fuzzy_name_same_city,0.75,ctgov_site:university of north carolina unc at chapel hill|chapel hill|north carolina|united states,University of North Carolina (UNC) at Chapel Hill,Chapel Hill,NC,27516,ctgov_site:the university of north carolina at chapel hill|chapel hill|north carolina|united states,The University of North Carolina at Chapel Hill,Chapel Hill,27599,9.254847166533915,npi-1053339978
fuzzy_name_same_city,0.75,ctgov_site:contact medtronic for exact locations|philadelphia|pennsylvania|united states,Contact Medtronic for Exact Locations,Philadelphia,PA,19107,ctgov_site:contact medtronic for exact location|philadelphia|pennsylvania|united states,Contact Medtronic for exact location,Philadelphia,,0.4277146428017663,ctgov-846a79886aa8
fuzzy_name_same_city,0.75,ctgov_site:atrium wake forest baptist health|winston salem|north carolina|united states,Atrium Wake Forest Baptist Health,Winston-Salem,NC,27104,npi:1992615793,ATRIUM HEALTH WAKE FOREST BAPTIST,WINSTON SALEM,27157,,npi-1992615793
fuzzy_name_same_city,0.75,ctgov_site:hill top physicians inc hightop medical research center|cincinnati|ohio|united states,Hill Top Physicians Inc./Hightop Medical Research Center,Cincinnati,OH,,ctgov_site:hill top physicians inc hihgtop medical research center|cincinnati|ohio|united states,Hill Top Physicians Inc. / Hihgtop Medical Research Center,Cincinnati,45224,8.488084014726459,ctgov-b271e65b9858
fuzzy_name_same_city,0.75,npi:1982595484,"ESTELLA BYRD WHITMAN WELLNESS & COMMUNITY RESOURCE CENTER, INC",OCALA,FL,34474,hrsa_site:BPS-H80-042587,Estella Byrd Whitman Wellness & Community Resources Center,Ocala,34475,7.67197570539849,hrsa-BPS-H80-042587
fuzzy_name_same_city,0.75,ctgov_site:contact medtronic for exact location|philadelphia|pennsylvania|united states,Contact Medtronic for exact location,Philadelphia,PA,,ctgov_site:contact medtronic for exact locations|philadelphia|pennsylvania|united states,Contact Medtronic for Exact Locations,Philadelphia,19107,0.4277146428017663,ctgov-846a79886aa8
fuzzy_name_same_city,0.75,ctgov_site:alliance for multispecialty research llc|knoxville|tennessee|united states,"Alliance for Multispecialty Research, LLC",Knoxville,TN,37920,ctgov_site:alliance for multispecialty reseach llc|knoxville|tennessee|united states,"Alliance for Multispecialty Reseach, LLC",Knoxville,37909,15.368807436900017,ctgov-ebe970721723
fuzzy_name_same_city,0.75,ctgov_site:los angeles biomedical research institute at harbor ucla medical center|torrance|california|united states,Los Angeles Biomedical Research Institute at Harbor-UCLA Medical Center,Torrance,CA,90509,npi:1184093817,LOS ANGELES BIOMEDICAL RESEARCH INSTITUTE AT HARBOR-UCLA MEDICAL CENTE,TORRANCE,90502,4.495746205585493,npi-1184093817
fuzzy_name_same_city,0.75,ctgov_site:medoff medical vital research|greensboro|north carolina|united states,Medoff Medical / Vital Research,Greensboro,NC,27408,ctgov_site:medoff medical vital re search|greensboro|north carolina|united states,Medoff Medical / Vital re:Search,Greensboro,27108,3.9643727649233735,ctgov-62c377dc3af1
fuzzy_name_same_city,0.75,npi:1275864076,UNIVERSITY OF TEXAS HEALTH SCIENCE CENTER SAN ANTONIO,SAN ANTONIO,TX,78260,ctgov_site:the university of texas health sciences center at san antonio|san antonio|texas|united states,The University of Texas Health Sciences Center at San Antonio,San Antonio,78229,22.960370127003483,npi-1275864076
fuzzy_name_same_city,0.75,nih_org:1506502,UNIVERSITY OF MICHIGAN AT ANN ARBOR,ANN ARBOR,MI,48108,ctgov_site:university of michigan ann arbor|ann arbor|michigan|united states,University of Michigan - Ann Arbor,Ann Arbor,48109,7.983646468707156,npi-1477966125
fuzzy_name_same_city,0.75,ctgov_site:medoff medical vital re search|greensboro|north carolina|united states,Medoff Medical / Vital re:Search,Greensboro,NC,27108,ctgov_site:medoff medical vital research|greensboro|north carolina|united states,Medoff Medical / Vital Research,Greensboro,27408,3.9643727649233735,ctgov-62c377dc3af1
fuzzy_name_same_city,0.75,npi:1316033533,CLINICA MONSIGNOR OSCAR A ROMERO,LOS ANGELES,CA,90033,hrsa_site:BPS-H80-001975,CLINICA MONSENOR OSCAR A. ROMERO,Los Angeles,90057,5.702142469907996,hrsa-BPS-H80-001975
fuzzy_name_same_city,0.75,npi:1992615793,ATRIUM HEALTH WAKE FOREST BAPTIST,WINSTON SALEM,NC,27157,ctgov_site:atrium wake forest baptist health|winston salem|north carolina|united states,Atrium Wake Forest Baptist Health,Winston-Salem,27104,,npi-1992615793
fuzzy_name_same_city,0.75,npi:1699185769,CITY OF NEW ORLEANS HEALTH CARE FOR THE HOMELESS,NEW ORLEANS,LA,70113,hrsa_site:BPS-H80-005133,CITY OF NEW ORLEANS HEALTH CARE for HOMELESS,New Orleans,70112,1.261871473664987,hrsa-BPS-H80-005133
fuzzy_name_same_city,0.75,ctgov_site:onsite clinical solutions llc clinedge site 146|charlotte|north carolina|united states,"OnSite Clinical Solutions, LLC - ClinEdge (Site 146)",Charlotte,NC,28277,ctgov_site:onsite clinical solutions llc clinedge site 147|charlotte|north carolina|united states,"OnSite Clinical Solutions, LLC - ClinEdge (Site 147)",Charlotte,28210,9.633559197595776,ctgov-0ae3921be5e9
fuzzy_name_same_zip,0.85,ctgov_site:children s ctr digestive us id# 237575|atlanta|georgia|united states,"Children's Ctr Digestive, US /ID# 237575",Atlanta,GA,30342,ctgov_site:children s ctr digestive us id# 233070|atlanta|georgia|united states,"Children's Ctr Digestive, US /ID# 233070",Atlanta,30342,0.0,ctgov-78f1a4e0d8a1
fuzzy_name_same_zip,0.85,ctgov_site:gastroenterology specialities|lincoln|nebraska|united states,Gastroenterology Specialities,Lincoln,NE,68503,ctgov_site:gastroenterology specialties pc|lincoln|nebraska|united states,"Gastroenterology Specialties, PC",Lincoln,68503,0.0,ctgov-3b7e0c280709
fuzzy_name_same_zip,0.85,ctgov_site:martinos center for biomedical imaging|charlestown|massachusetts|united states,Martinos Center for Biomedical Imaging,Charlestown,MA,02129,ctgov_site:a a martinos center for biomedical imaging|charlestown|massachusetts|united states,A.A. Martinos Center for Biomedical Imaging,Charlestown,02129,0.0,ctgov-89fcdf8c9a3c
fuzzy_name_same_zip,0.85,ctgov_site:accel research sites tampa clinical research unit id# 231670|tampa|florida|united states,Accel Research Sites - Tampa Clinical Research Unit /ID# 231670,Tampa,FL,33634,ctgov_site:accel research sites tampa clinical research unit id# 226252|tampa|florida|united states,Accel Research Sites - Tampa Clinical Research Unit /ID# 226252,Tampa,33634,0.0,ctgov-b3984bce29cb
fuzzy_name_same_zip,0.85,npi:1760737712,ALBERT EINSTEIN MEDICAL CANTER,PHILADELPHIA,PA,19141,ctgov_site:albert einstein medical center|philadelphia|pennsylvania|united states,Albert Einstein Medical Center,Philadelphia,19141,0.0,npi-1093927337
fuzzy_name_same_zip,0.85,npi:1013009372,BOSTON VA HEALTH CARE SYSTEM,BOSTON,MA,02130,nih_org:481041,VA BOSTON HEALTH CARE SYSTEM,BOSTON,02130,0.0,npi-1013009372
fuzzy_name_same_zip,0.85,ctgov_site:clinical trials management llc covington id# 217291|covington|louisiana|united states,"Clinical Trials Management, LLC - Covington /ID# 217291",Covington,LA,70433,ctgov_site:clinical trials management llc covington id# 145220|covington|louisiana|united states,"Clinical Trials Management, LLC - Covington /ID# 145220",Covington,70433,0.0,ctgov-85aec97ea1f4
fuzzy_name_same_zip,0.85,npi:1598750762,PHYSICIANS CARE OF THOMASVILLE LLC,THOMASVILLE,AL,36784,hrsa_site:BPS-LAL-036050,Physicians Care Thomasville,Thomasville,36784,0.0,hrsa-BPS-LAL-036050
fuzzy_name_same_zip,0.85,npi:1255577466,MONROE CARELL JR VANDERBILT CHILDREN'S HOSPITAL,NASHVILLE,TN,37232,ctgov_site:monroe carell jr children s hospital at vanderbilt|nashville|tennessee|united states,Monroe Carell Jr Children's Hospital at Vanderbilt,Nashville,37232,0.0,npi-1003211145
fuzzy_name_same_zip,0.85,ctgov_site:columbus clinical services llc id# 238968|miami|florida|united states,"Columbus Clinical Services, Llc /Id# 238968",Miami,FL,33125,ctgov_site:columbus clinical services llc id# 230880|miami|florida|united states,"Columbus Clinical Services, Llc /Id# 230880",Miami,33125,0.0,ctgov-b7e8d1af6539
fuzzy_name_same_zip,0.85,nih_org:4155008,FEINSTEIN INSTITUTE FOR MEDICAL RESEARCH,MANHASSET,NY,11030,ctgov_site:the feinstein institutes for medical research|manhasset|new york|united states,The Feinstein Institutes for Medical Research,Manhasset,11030,0.0,nihorg-4155008
fuzzy_name_same_zip,0.85,hrsa_site:BPS-H80-041365,NC DEPARTMENT OF HEALTH AND HUMAN SERVICES,Raleigh,NC,27607,npi:1235290651,NC DEPT OF HEALTH AND HUMAN SERVICE,RALEIGH,27607,0.0,hrsa-BPS-H80-041365
fuzzy_name_same_zip,0.85,ctgov_site:university medical group id# 217355|greenville|south carolina|united states,University Medical Group /ID# 217355,Greenville,SC,29605,ctgov_site:university medical group id# 217954|greenville|south carolina|united states,University Medical Group /ID# 217954,Greenville,29605,0.0,ctgov-b2c70100a0f4
fuzzy_name_same_zip,0.85,npi:1053870204,WILL COUNTY COMMUNITY HEALTH CENTER,MONEE,IL,60449,hrsa_site:BPS-H80-027626,Will County Community Health Center - East,Monee,60449,0.0,hrsa-BPS-H80-027626
fuzzy_name_same_zip,0.85,ctgov_site:ut health austin at dell children s neurology clinic id# 264082|austin|texas|united states,UT Health Austin at Dell Children's Neurology Clinic /ID# 264082,Austin,TX,78723,ctgov_site:ut health austin at dell children s neurology clinic id# 244266|austin|texas|united states,UT Health Austin at Dell Children's Neurology Clinic /ID# 244266,Austin,78723,0.0,ctgov-661ece45c6be
fuzzy_name_same_zip,0.85,ctgov_site:wake forest university comprehensive cancer center|winston salem|north carolina|united states,Wake Forest University Comprehensive Cancer Center,Winston-Salem,NC,27157,ctgov_site:comprehensive cancer center of wake forest university|winston salem|north carolina|united states,Comprehensive Cancer Center of Wake Forest University,Winston-Salem,27157,0.0,ctgov-fd68c7e885cc
fuzzy_name_same_zip,0.85,ctgov_site:the children s hospital cleveland clinic|cleveland|ohio|united states,"The Children's Hospital, Cleveland Clinic",Cleveland,OH,44195,ctgov_site:the cleveland clinic children s hospital|cleveland|ohio|united states,The Cleveland Clinic Children's Hospital,Cleveland,44195,0.0,npi-1013392125
fuzzy_name_same_zip,0.85,ctgov_site:michael w simon md psc id# 236517|lexington|kentucky|united states,"Michael W. Simon, MD, PSC /ID# 236517",Lexington,KY,40517,ctgov_site:michael w simon md psc id# 236516|lexington|kentucky|united states,"Michael W. Simon, MD, PSC /ID# 236516",Lexington,40517,0.0,ctgov-163557619526
fuzzy_name_same_zip,0.85,ctgov_site:bronx va medical center|the bronx|new york|united states,Bronx VA Medical Center,The Bronx,NY,10468,ctgov_site:va medical center bronx|the bronx|new york|united states,"VA Medical Center, Bronx",The Bronx,10468,0.0,ctgov-f89a9e491ef6
fuzzy_name_same_zip,0.85,hrsa_site:BPS-H80-002196,"RITCHIE COUNTY PRIMARY CARE ASSOCIATION,",Harrisville,WV,26362,npi:1265404230,"RITCHIE COUNTY PRIMARY CARE ASSOC., INC.",HARRISVILLE,26362,0.0,hrsa-BPS-H80-002196
fuzzy_name_same_zip,0.85,ctgov_site:synexus clinical research us inc|san antonio|texas|united states,"Synexus Clinical Research US, Inc.",San Antonio,TX,78229,ctgov_site:synexus clinical research inc|san antonio|texas|united states,"Synexus Clinical Research, Inc",San Antonio,78229,0.0,ctgov-fd49d45e3432
fuzzy_name_same_zip,0.85,ctgov_site:gastroenterology research consultants of greater cincinnati|cincinnati|ohio|united states,Gastroenterology Research Consultants of Greater Cincinnati,Cincinnati,OH,45242,ctgov_site:gastroenterology research consultant of greater cincinnati|cincinnati|ohio|united states,Gastroenterology Research Consultant of Greater Cincinnati,Cincinnati,45242,0.0,npi-1881636207
fuzzy_name_same_zip,0.85,ctgov_site:chattanooga medical research id# 253295|chattanooga|tennessee|united states,Chattanooga Medical Research /ID# 253295,Chattanooga,TN,37404,ctgov_site:chattanooga medical research id# 217594|chattanooga|tennessee|united states,Chattanooga Medical Research /ID# 217594,Chattanooga,37404,0.0,ctgov-6fc0a4532f7e
fuzzy_name_same_zip,0.85,ctgov_site:ips research company id# 231085|oklahoma city|oklahoma|united states,IPS Research Company /ID# 231085,Oklahoma City,OK,73106,ctgov_site:ips research company id# 231876|oklahoma city|oklahoma|united states,IPS Research Company /ID# 231876,Oklahoma City,73106,0.0,ctgov-a2d2cc6dad97
fuzzy_name_same_zip,0.85,npi:1649362815,AMHERST FAMILY PRACTICE P C,WINCHESTER,VA,22601,ctgov_site:amherst family practice p c|winchester|virginia|united states,"Amherst Family Practice, P.C.",Winchester,22601,0.0,npi-1649362815
hrsa_org_name_same_zip,0.85,npi:1083755631,SCHOOL HEALTH CLINICS OF SANTA CLARA COUNTY,SAN JOSE,CA,95122,hrsa_site:BPS-H80-002736,OVERFELT NEIGHBORHOOD HLTH CLIN.,San Jose,95122,0.0,hrsa-BPS-H80-002736
hrsa_org_name_same_zip,0.85,npi:1710104260,ST CHARLES HEALTH COUNCIL INC,ST PAUL,VA,24283,hrsa_site:BPS-H80-003304,WILLIAM A. DAVIS CLINIC,Saint Paul,24283,0.0,hrsa-BPS-H80-003304
hrsa_org_name_same_zip,0.85,hrsa_site:BPS-H80-041637,ELK RIDGE - SPRINGERVILLE CLINIC,Springerville,AZ,85938,npi:1063369742,"EL RIO SANTA CRUZ NEIGHBORHOOD HEALTH CENTER, INC.",SPRINGERVILLE,85938,0.0,hrsa-BPS-H80-041637
hrsa_org_name_same_zip,0.85,hrsa_site:BPS-H80-032206,CHI Health Center,Brooklyn,NY,11224,npi:1033581608,"COMMUNITY HEALTH INITIATIVES, INC.",BROOKLYN,11224,0.0,hrsa-BPS-H80-032206
hrsa_org_name_same_zip,0.85,npi:1407466535,"VALLEY HEALTH SYSTEMS, INC",CHARLESTON,WV,25304,hrsa_site:BPS-H80-031059,Valley Health- Kanawha City,Charleston,25304,0.0,hrsa-BPS-H80-031059
hrsa_org_name_same_zip,0.85,npi:1689294159,"PARTNERSHIP COMMUNITY HEALTH CENTER, INC",WAUPACA,WI,54981,hrsa_site:BPS-H80-024799,Partnership Community Health Center - Waupaca Dental,Waupaca,54981,0.0,hrsa-BPS-H80-024799
hrsa_org_name_same_zip,0.85,hrsa_site:BPS-H80-018734,ACCESS Northwest Family Health Center,Arlington Heights,IL,60004,npi:1548157340,ACCESS COMMUNITY HEALTH NETWORK,ARLINGTON HEIGHTS,60004,0.0,hrsa-BPS-H80-018734
hrsa_org_name_same_zip,0.85,npi:1447415815,"GENERATIONS FAMILY HEALTH CENTER, INC.",NORWICH,CT,06360,hrsa_site:BPS-H80-001593,GENERATIONS FHC - NORWICH,Norwich,06360,0.0,hrsa-BPS-H80-001593
hrsa_org_name_same_zip,0.85,npi:1104165349,FINGER LAKES COMMUNITY HEALTH,OVID,NY,14521,hrsa_site:BPS-H80-012609,Ovid Community Health,Ovid,14521,0.0,hrsa-BPS-H80-012609
hrsa_org_name_same_zip,0.85,npi:1720111677,SALUD FAMILY HEALTH,ESTES PARK,CO,80517,hrsa_site:BPS-H80-004397,Salud Estes Park,Estes Park,80517,0.0,hrsa-BPS-H80-004397
hrsa_org_name_same_zip,0.85,hrsa_site:BPS-H80-024482,Gouverneur Diagnostic & Treatment Center,New York,NY,10002,npi:1497859573,NEW YORK CITY HEALTH AND HOSPITALS CORPORATION,NEW YORK,10002,0.0,hrsa-BPS-H80-024482
hrsa_org_name_same_zip,0.85,npi:1700503216,"CUMBERLAND FAMILY MEDICAL CENTER, INC.",ALVATON,KY,42122,hrsa_site:BPS-H80-036096,Alvaton Elementary Healthy Kids Clinic,Alvaton,42122,0.0,hrsa-BPS-H80-036096
hrsa_org_name_same_zip,0.85,hrsa_site:BPS-H80-008511,Bracken County Family Health Center,Augusta,KY,41002,npi:1184933632,LEWIS COUNTY PRIMARY CARE CENTER INC.,AUGUSTA,41002,0.0,hrsa-BPS-H80-008511
hrsa_org_name_same_zip,0.85,hrsa_site:BPS-H80-040708,RKM at Maurepas School,Maurepas,LA,70449,npi:1922984814,"PRIMARY CARE PROVIDERS FOR A HEALTHY FELICIANA, INC",MAUREPAS,70449,0.0,hrsa-BPS-H80-040708
hrsa_org_name_same_zip,0.85,hrsa_site:BPS-LAL-039093,Community HealthNet South,Merrillville,IN,46410,npi:1154689750,"COMMUNITY HEALTHNET, INC",MERRILLVILLE,46410,0.0,hrsa-BPS-LAL-039093
hrsa_org_name_same_zip,0.85,hrsa_site:BPS-H80-029574,County of Monterey - Seaside Family Health Center,Seaside,CA,93955,npi:1669500336,COUNTY OF MONTEREY,SEASIDE,93955,0.0,hrsa-BPS-H80-029574
hrsa_org_name_same_zip,0.85,hrsa_site:BPS-H80-027119,Tiburcio Vasquez Health Center Chabot College,Hayward,CA,94545,npi:1790256808,"TIBURCIO VASQUEZ HEALTH CENTER, INC.",HAYWARD,94545,0.0,hrsa-BPS-H80-027119
hrsa_org_name_same_zip,0.85,hrsa_site:BPS-H80-002100,TCCH Basin City - WIC,Mesa,WA,99343,npi:1477127868,TRI-CITIES COMMUNITY HEALTH,MESA,99343,0.0,hrsa-BPS-H80-002100
hrsa_org_name_same_zip,0.85,hrsa_site:BPS-H80-037619,Via Care Valley Community College,Van Nuys,CA,91401,npi:1679267231,VIA CARE COMMUNITY HEALTH CENTER,VALLEY GLEN,91401,0.0,hrsa-BPS-H80-037619
hrsa_org_name_same_zip,0.85,hrsa_site:BPS-H80-009293,HCHN - New Burton,Burton,MI,48529,npi:1639997257,"HAMILTON COMMUNITY HEALTH NETWORK, INC.",BURTON,48529,0.0,hrsa-BPS-H80-009293
hrsa_org_name_same_zip,0.85,hrsa_site:BPS-H80-005480,MOUNT VIEW MIDDLE HIGH SCHOOL HC,Welch,WV,24801,npi:1013093350,"TUG RIVER HEALTH ASSOCIATION, INC",WELCH,24801,0.0,hrsa-BPS-H80-005480
hrsa_org_name_same_zip,0.85,npi:1245632876,THE DAILY PLANET INC,HENRICO,VA,23223,hrsa_site:BPS-H80-027911,Henrico Area Mental Health and Developmental Services East End Center,Richmond,23223,0.0,hrsa-BPS-H80-027911
hrsa_org_name_same_zip,0.85,hrsa_site:BPS-LAL-041358,SAFE HARBOR MEDICAL - PAHRUMP,Pahrump,NV,89048,npi:1912860081,"SAFE HARBOR MEDICAL, INC.",PAHRUMP,89048,0.0,hrsa-BPS-LAL-041358
hrsa_org_name_same_zip,0.85,hrsa_site:BPS-H80-037441,All For Health - Charleston,Las Vegas,NV,89104,npi:1023799285,ALL FOR HEALTH HEALTH FOR ALL INC,LAS VEGAS,89104,0.0,hrsa-BPS-H80-037441
hrsa_org_name_same_zip,0.85,npi:1750337333,COMMUNITY HEALTH CENTER OF FRANKLIN COUNTY INCORPORATED,ORANGE,MA,01364,hrsa_site:BPS-H80-032013,North Quabbin Health Center - Medical,Orange,01364,0.0,hrsa-BPS-H80-032013
nppes_same_name_same_zip,0.95,npi:1538749148,"NOVANT HEALTH MEDICAL GROUP COASTAL REGION, LLC",WILMINGTON,NC,28403,npi:1093395691,"NOVANT HEALTH MEDICAL GROUP COASTAL REGION, LLC",WILMINGTON,28403,0.0,npi-1093395691
nppes_same_name_same_zip,0.95,npi:1922245307,"BELLEFONTE PHYSICIAN SERVICES, INC.",FLATWOODS,KY,41139,npi:1881846350,"BELLEFONTE PHYSICIAN SERVICES, INC",FLATWOODS,41139,0.0,npi-1881846350
nppes_same_name_same_zip,0.95,npi:1063782522,CHOTA COMMUNITY HEALTH SERVICES,MADISONVILLE,TN,37354,npi:1043932700,CHOTA COMMUNITY HEALTH SERVICES,MADISONVILLE,37354,0.0,hrsa-BPS-H80-014841
nppes_same_name_same_zip,0.95,npi:1629748827,HARRISON COUNTY HOSPITAL,CORYDON,IN,47112,npi:1093876153,HARRISON COUNTY HOSPITAL,CORYDON,47112,0.0,npi-1093876153
nppes_same_name_same_zip,0.95,npi:1881844710,KENTUCKY MEDICAL SERVICES FOUNDATION,LEXINGTON,KY,40536,npi:1225231400,KENTUCKY MEDICAL SERVICES FOUNDATION,LEXINGTON,40536,0.0,npi-1225231400
nppes_same_name_same_zip,0.95,npi:1861566879,"EL CENTRO DEL BARRIO, INC.",SAN ANTONIO,TX,78212,npi:1013139377,"EL CENTRO DEL BARRIO, INC.",SAN ANTONIO,78212,0.0,hrsa-BPS-H80-033733
nppes_same_name_same_zip,0.95,npi:1407191984,BSA HOSPITAL LLC,AMARILLO,TX,79106,npi:1417293549,BSA HOSPITAL LLC,AMARILLO,79106,0.0,npi-1407191984
nppes_same_name_same_zip,0.95,npi:1750548178,"ST. LUKE'S PHYSICIAN GROUP, INC.",TAMAQUA,PA,18252,npi:1174664049,"ST. LUKE'S PHYSICIAN GROUP, INC.",TAMAQUA,18252,0.0,npi-1174664049
nppes_same_name_same_zip,0.95,npi:1265072946,BAPTIST HEALTH MEDICAL GROUP INC,MADISONVILLE,KY,42431,npi:1205431376,BAPTIST HEALTH MEDICAL GROUP INC,MADISONVILLE,42431,0.0,npi-1205431376
nppes_same_name_same_zip,0.95,npi:1902358526,"OCEAN HEALTH INITIATIVES, INC.",LAKEWOOD,NJ,08701,npi:1043306574,OCEAN HEALTH INITIATIVES INC,LAKEWOOD,08701,0.0,hrsa-BPS-H80-012868
nppes_same_name_same_zip,0.95,npi:1407805898,WILMINGTON VAMC,WILMINGTON,DE,19805,npi:1801269592,WILMINGTON VAMC,WILMINGTON,19805,0.0,npi-1407805898
nppes_same_name_same_zip,0.95,npi:1104741925,"MERCY CLINICS, INC.",DES MOINES,IA,50314,npi:1003096405,"MERCY CLINICS, INC",DES MOINES,50314,0.0,npi-1003096405
nppes_same_name_same_zip,0.95,npi:1164214300,"HH HEALTH SYSTEM - MORGAN, LLC",MOULTON,AL,35650,npi:1063204667,"HH HEALTH SYSTEM - MORGAN, LLC",MOULTON,35650,0.0,npi-1063204667
nppes_same_name_same_zip,0.95,npi:1881514792,INTERNATIONAL COMMUNITY HEALTH SERVICES,SEATTLE,WA,98118,npi:1104940733,INTERNATIONAL COMMUNITY HEALTH SERVICES,SEATTLE,98118,0.0,hrsa-BPS-H80-005436
nppes_same_name_same_zip,0.95,npi:1902091069,SUNCOAST INTERNAL MEDICINE CONSULTANTS,LARGO,FL,33774,npi:1013057090,SUNCOAST INTERNAL MEDICINE CONSULTANTS,LARGO,33774,0.0,npi-1013057090
nppes_same_name_same_zip,0.95,npi:1699712190,DAWSON COUNTY HOSPITAL DISTRICT,LAMESA,TX,79331,npi:1033364617,DAWSON COUNTY HOSPITAL DISTRICT,LAMESA,79331,0.0,npi-1033364617
nppes_same_name_same_zip,0.95,npi:1740520147,"DEFIANCE HOSPITAL, INC.",DEFIANCE,OH,43512,npi:1174651079,DEFIANCE HOSPITAL,DEFIANCE,43512,0.0,npi-1174651079
nppes_same_name_same_zip,0.95,npi:1407461072,RIDGEVIEW MEDICAL CENTER,CHASKA,MN,55318,npi:1710748538,RIDGEVIEW MEDICAL CENTER,CHASKA,55318,0.0,npi-1407461072
nppes_same_name_same_zip,0.95,npi:1194572008,"UNIVERSITY OF MARYLAND ST. JOSEPH MEDICAL GROUP, LLC",TOWSON,MD,21204,npi:1003760323,"UNIVERSITY OF MARYLAND ST. JOSEPH MEDICAL GROUP, LLC",TOWSON,21204,0.0,npi-1003760323
nppes_same_name_same_zip,0.95,npi:1871777961,IMPERIAL VALLEY WOMENS CLINIC,EL CENTRO,CA,92243,npi:1417060518,IMPERIAL VALLEY WOMENS CLINIC,EL CENTRO,92243,0.0,npi-1417060518
nppes_same_name_same_zip,0.95,npi:1215504865,"HACKLEY COMMUNITY CARE CENTER, INC",MUSKEGON,MI,49444,npi:1194175612,HACKLEY COMMUNITY CARE CENTER INC,MUSKEGON,49444,0.0,hrsa-BPS-H80-003721
nppes_same_name_same_zip,0.95,npi:1225196934,CARUTHERS & WOLVERTON PLLC,LITTLE ROCK,AR,72209,npi:1982736690,"CARUTHERS AND WOLVERTON, PLLC",LITTLE ROCK,72209,0.0,npi-1225196934
nppes_same_name_same_zip,0.95,npi:1528090669,HENRY COUNTY MEDICAL CENTER,PARIS,TN,38242,npi:1588275317,HENRY COUNTY MEDICAL CENTER,PARIS,38242,0.0,npi-1528090669
nppes_same_name_same_zip,0.95,npi:1558910737,SAMAR RAZA MD PLLC,NEW YORK,NY,10075,npi:1073163143,SAMAR RAZA MD PLLC,NEW YORK,10075,0.0,npi-1073163143
nppes_same_name_same_zip,0.95,npi:1104953280,ADVENTIST MIDWEST HEALTH,LA GRANGE,IL,60525,npi:1407889652,ADVENTIST MIDWEST HEALTH,LA GRANGE,60525,0.0,npi-1104953280
shared_npi,0.99,npi:1235500513,COMMUNITY MEDICAL WELLNESS CENTERS USA,LONG BEACH,CA,90813,hrsa_site:BPS-H80-015505,Community Medical Wellness Centers USA,Long Beach,90813,,hrsa-BPS-H80-015505
shared_npi,0.99,npi:1326594714,DIVERSITY HEALTH CENTER INC.,HINESVILLE,GA,31313,hrsa_site:BPS-H80-009339,Diversity Health Center Hinesville,Hinesville,31313,,hrsa-BPS-H80-009339
shared_npi,0.99,hrsa_site:BPS-H80-004372,NeoMed Center-San Lorenzo,San Lorenzo,PR,00754,npi:1124222682,"NEOMED CENTER, INC",SAN LORENZO,00754,,hrsa-BPS-H80-004372
shared_npi,0.99,hrsa_site:BPS-H80-017793,VCC: The Gary Center,La Habra,CA,90631,npi:1346609971,VISTA COMMUNITY CLINIC,LA HABRA,90631,,hrsa-BPS-H80-017793
shared_npi,0.99,npi:1093184145,"EAST CENTRAL OKLAHOMA FAMILY HEALTH CENTER, INC.",WEWOKA,OK,74884,hrsa_site:BPS-H80-033424,"East Central Oklahoma Family Health Center, Inc.",Wewoka,74884,,hrsa-BPS-H80-033424
shared_npi,0.99,hrsa_site:BPS-H80-032764,St. Jude Neighborhood Health Centers' Ponderosa Health Center,Anaheim,CA,92802,npi:1306618491,ST. JUDE NEIGHBORHOOD HEALTH CENTERS,ANAHEIM,92802,,hrsa-BPS-H80-032764
shared_npi,0.99,hrsa_site:BPS-H80-005688,COYOTE CLINIC,Coyote,NM,87012,npi:1619132362,EL CENTRO FAMILY HEALTH,COYOTE,87012,,hrsa-BPS-H80-005688
shared_npi,0.99,hrsa_site:BPS-H80-037913,Pound Medical Clinic,Pound,VA,24279,npi:1366201246,MOUNTAIN COMPREHENSIVE HEALTH CORPORATION,POUND,24279,,hrsa-BPS-H80-037913
shared_npi,0.99,npi:1205098340,METRO COMMUNITY PROVIDER NETWORK INC,AURORA,CO,80010,hrsa_site:BPS-H80-007555,STRIDE CHC  -  Peoria,Aurora,80010,,hrsa-BPS-H80-007555
shared_npi,0.99,hrsa_site:BPS-H80-030813,Four Corners Health Center,Clermont,FL,34714,npi:1477199289,"COMMUNITY HEALTH CENTERS, INC.",CLERMONT,34714,,hrsa-BPS-H80-030813
shared_npi,0.99,hrsa_site:BPS-H80-030285,Community Health Center of Miami,Miami,OK,74354,npi:1386294213,"COMMUNITY HEALTH CENTER OF SOUTHEAST KANSAS, INC.",MIAMI,74354,,hrsa-BPS-H80-030285
shared_npi,0.99,npi:1083102701,CENTRAL TEXAS COMMUNITY HEALTH CENTERS,AUSTIN,TX,78741,hrsa_site:BPS-H80-014314,CommUnityCare Southeast Health and Wellness Center,Austin,78741,,hrsa-BPS-H80-014314
shared_npi,0.99,npi:1255644332,MULTNOMAH COUNTY,PORTLAND,OR,97202,hrsa_site:BPS-H80-005616,Southeast Health Center,Portland,97202,,hrsa-BPS-H80-005616
shared_npi,0.99,npi:1811032436,"FAMILY HEALTH CARE CENTERS OF GREATER LOS ANGELES, INC.",HAWAIIAN GARDENS,CA,90716,hrsa_site:BPS-H80-008855,Hawaiian Gardens Health Center,Hawaiian Gardens,90716,,hrsa-BPS-H80-008855
shared_npi,0.99,hrsa_site:BPS-H80-004775,THUNDER BAY COMM HEALTH SERVICE - ATLANTA,Atlanta,MI,49709,npi:1639123623,"THUNDER BAY COMMUNITY HEALTH SERVICE, INC",ATLANTA,49709,,hrsa-BPS-H80-004775
shared_npi,0.99,npi:1003374380,"FREDERIKSTED HEALTH CARE, INC.",CHRISTIANSTED,VI,00820,hrsa_site:BPS-H80-013755,Frederiksted Health Care Inc. Northshore Health Center,Sion Farm,00820,,hrsa-BPS-H80-013755
shared_npi,0.99,npi:1962229641,SWOPE HEALTH SERVICES,KANSAS CITY,MO,64153,hrsa_site:BPS-H80-039124,Swope Health - Platte County,Kansas City,64153,,hrsa-BPS-H80-039124
shared_npi,0.99,npi:1215259775,NEIGHBORHOOD HEALTH,ALEXANDRIA,VA,22304,hrsa_site:BPS-H80-008867,Neighborhood Health at the Casey Clinic,Alexandria,22304,,hrsa-BPS-H80-008867
shared_npi,0.99,hrsa_site:BPS-H80-039457,Butte Silver Bow Health Department Mobile Clinic,Butte,MT,59701,npi:1285725143,BUTTE SILVER BOW PRIMARY HEALTH CARE CLINIC INC,BUTTE,59701,,hrsa-BPS-H80-039457
shared_npi,0.99,npi:1952665929,"RURAL HEALTH GROUP, INC.",ENFIELD,NC,27823,hrsa_site:BPS-H80-011720,Rural Health Group at Enfield,Enfield,27823,,hrsa-BPS-H80-011720
shared_npi,0.99,npi:1003765918,COUNTY OF RIVERSIDE,MORENO VALLEY,CA,92553,hrsa_site:BPS-H80-022222,Moreno Valley Community Health Center,Moreno Valley,92553,,hrsa-BPS-H80-022222
shared_npi,0.99,hrsa_site:BPS-H80-003734,Salvation Army Clinic,Milwaukee,WI,53205,npi:1245720499,"OUTREACH COMMUNITY HEALTH CENTERS, INC.",MILWAUKEE,53205,,hrsa-BPS-H80-003734
shared_npi,0.99,hrsa_site:BPS-H80-036174,Marquette Family Health Center,Marquette,MI,49855,npi:1053948265,UPPER GREAT LAKES FAMILY HEALTH CENTER,MARQUETTE,49855,,hrsa-BPS-H80-036174
shared_npi,0.99,npi:1144722935,CASCADIA HEALTH,PORTLAND,OR,97220,hrsa_site:BPS-LAL-032077,Cascadia Woodland Park Health Center,Portland,97220,,hrsa-BPS-LAL-032077
shared_npi,0.99,npi:1790051423,"FAMILY HEALTH CARE CENTERS OF GREATER LOS ANGELES, INC.",DOWNEY,CA,90241,hrsa_site:BPS-H80-013971,FHCCGLA Downey Family  Medical Center,Downey,90241,,hrsa-BPS-H80-013971
