mention_id,measurement_id,object_id,role,field,snippet,objective_reason,n_population
ctgov|NCT01368718|outcome_description|1001|sleep_objective,sleep_objective,trial:NCT01368718,outcome_measure,outcome_description,"At the end of the first treatment: effect evaluation. [[Polysomnogra]]phy Test (PSG) , Multiple Sleep Latency Test (MSLT) and questionnaires ( Epworth Sleepiness Scale (ESS), Pittsburgh Sleep Quality Index (PSQI), Medica...",class exclude_pattern: Epworth,121
ctgov|NCT01584934|outcome_description|1008|sleep_objective,sleep_objective,trial:NCT01584934,outcome_measure,outcome_description,"..., Medical Outcomes Study 36-item Short Form health survey (MOS SF-36), Visual Analogue Scale for Pain (VAS-P), Multidimensional Pain Inventory (MPI), [[Polysomnogra]]phy, multiple sleep latency test.",class exclude_pattern: Sleep Quality Index,121
ctgov|NCT02174003|intervention_description|0|continuous_temperature,continuous_temperature,trial:NCT02174003,intervention,intervention_description,"The Whole Body Hyperthermia system uses water-filtered infrared-A (wIRA) heat radiation. The rise in the body's [[core temperature]] is correspondingly rapid and well-tolerated. There are two phases of the thermal challenge, 1) Irradiation phase during which the patient lies recumb...",class exclude_pattern: rise in the body's core temperature,121
ctgov|NCT03003429|outcome_measure|1002|hrv,hrv,trial:NCT03003429,outcome_measure,outcome_measure,Statistical correlation between autonomic dysfunction (measured by [[HRV]]) and measures of International physical activity questionnaire,PRO/questionnaire term: questionnaire,121
ctgov|NCT03003429|outcome_measure|1003|hrv,hrv,trial:NCT03003429,outcome_measure,outcome_measure,Statistical correlation between autonomic dysfunction (measured by [[HRV]]) and measures of International physical activity questionnaire,PRO/questionnaire term: questionnaire,121
ctgov|NCT03516227|brief_summary|-1|hrv,hrv,trial:NCT03516227,abstract,brief_summary,"...ental and control groups. The experimental group received four HRVBF training sessions. The control group received routine care. Repeated measures of [[HRV]], Mini-Mental Status Examination (MMSE), Hospital Anxiety and Depression Scales (HADS), and Barthel Index for ADLs were collected prior to, and at one...",PRO/questionnaire term: Scales,121
ctgov|NCT03953768|outcome_measure|5|blood_biomarkers,blood_biomarkers,trial:NCT03953768,outcome_measure,outcome_measure,Inflammatory Profile 1 - Meso Scale Discovery (or MSD) analysis for pro-inflammatory [[cytokine]]s/chemokines,PRO/questionnaire term: Scale,121
ctgov|NCT04186286|brief_summary|-1|autonomic_testing,autonomic_testing,trial:NCT04186286,abstract,brief_summary,"... as his or her own control. At the end of each 4-week phase, participants will complete the symptom-rating and HRQOL questionnaires, and also undergo [[tilt table]] testing to assess the change in HR at 10 min with head up tilt. Participants will undergo POTS testing at baseline and at the end of each 4-week tre...",PRO/questionnaire term: rating,121
ctgov|NCT04195815|outcome_description|0|accelerometry,accelerometry,trial:NCT04195815,outcome_measure,outcome_description,"Feasibility of [[activity monitor]]ing armbands to assess level of physical activity in ME/CFS patients, with comparison of activity data to self-reported questionnaires for quality of ...",PRO/questionnaire term: self-report,121
ctgov|NCT04628429|outcome_description|0|autonomic_testing,autonomic_testing,trial:NCT04628429,outcome_measure,outcome_description,"...om the Composite Autonomic severity scale (CASS), an ""unbiased and full quantification"" of the autonomic functions in the cardiovagal, adrenergic and [[sudomotor]] domain. The total CASS score has ""a direct clinical meaning since it ranks the generalized dysautonomia as mild, moderate and severe"". By isolating t...",PRO/questionnaire term: scale,121
ctgov|NCT05094622|brief_summary|-1|autonomic_testing,autonomic_testing,trial:NCT05094622,abstract,brief_summary,"...d. Procedure and outcomes: The primary outcomes are physical activity and health-related quality of life. Secondary outcomes are: physical capacity, [[active stand]]ing test, Malmö-POTS-questionnaire, Anxiety and depression, fatigue, self-reported outcome measure of physical function and work ability. Initially m...",PRO/questionnaire term: questionnaire,121
ctgov|NCT05168124|brief_summary|-1|accelerometry,accelerometry,trial:NCT05168124,abstract,brief_summary,"...T) and Micro Breaks in Everyday Life (MBEL) adapted to CFS/ME. The collection of biological samples (saliva, blood) and health-related personal data ([[actigraph]]y, psychometric data from questionnaires) is associated with minimal risks and burdens.",PRO/questionnaire term: questionnaire,121
ctgov|NCT05530317|brief_summary|-1|endothelial_function,endothelial_function,trial:NCT05530317,abstract,brief_summary,"...hange in peak VO2, secondary outcomes will include change in symptoms including autonomic symptoms (COMPASS-31), anxiety (GAD-7), depression (PHQ-9), [[endothelial function]] with brachial artery flow-mediated dilation, and satisfaction (net-promotor score).",PRO/questionnaire term: COMPASS-31,121
ctgov|NCT05566392|intervention_description|0|microvascular_function,microvascular_function,trial:NCT05566392,intervention,intervention_description,"Brain MRI including diffusion spectrum image, and functional MRI Interview with questionnaires for neuropsychiatric evaluation [[Near infrared spectroscopy]] and resting-state connectivity evaluation",PRO/questionnaire term: Interview,121
ctgov|NCT05635552|outcome_description|1002|retinal_imaging,retinal_imaging,trial:NCT05635552,outcome_measure,outcome_description,Correlation between PCS severity scores with static and dynamic parameters of the [[retinal vessel]] analysis.,PRO/questionnaire term: severity scores,121
ctgov|NCT05877508|outcome_description|1005|cpet,cpet,trial:NCT05877508,outcome_measure,outcome_description,"... mean DASI at Day 90 post-infusion. The Duke Activity Status Index is a patient-reported estimate of functional capacity, maximal oxygen consumption ([[VO2 max]]) and maximum metabolic equivalent of tasks (METs). The DASI questionnaire produces a score between 0 and 58.2 points, which is linearly correlated wi...",PRO/questionnaire term: patient-reported,121
ctgov|NCT05877534|outcome_description|1015|autonomic_testing,autonomic_testing,trial:NCT05877534,outcome_measure,outcome_description,Measured with [[Active stand]]ing test according to a specific protocol with measurements of responses in perceived dyspnea measured with Borg CR-10 scale after getting up to stand...,PRO/questionnaire term: perceived,121
ctgov|NCT05931497|intervention_description|0|continuous_temperature,continuous_temperature,trial:NCT05931497,intervention,intervention_description,heat will be applied to the participant through a sauna to increase [[core body temperature]],class exclude_pattern: sauna,121
ctgov|NCT05932797|outcome_description|0|continuous_spo2,continuous_spo2,trial:NCT05932797,outcome_measure,outcome_description,"...load of 10-20 W/min (depending on the participant's fitness level) until exhaustion, maintaining a cadence greater than 60 rpm. Electrocardiogram and [[oxygen saturation will be continuously monitored]], while rating of perceived exertion and blood pressure will be measured every two minutes during the test. Continuously measured at rest, as well as ...",PRO/questionnaire term: rating,121
ctgov|NCT05946512|outcome_description|1000|autonomic_testing,autonomic_testing,trial:NCT05946512,outcome_measure,outcome_description,"resting state functional MRI (rs-MRI),diaphragmatic function in spirometry and MRI, laboratory analyses, [[autonomic test]]ing, questionnaires",PRO/questionnaire term: questionnaire,121
ctgov|NCT05965739|outcome_description|1008|digital_cognitive,digital_cognitive,trial:NCT05965739,outcome_measure,outcome_description,[[CogState]] One Back Primary Score is the arcsine transformation of the square root of the proportion of correct responses. The scale ranges from 0 to π/2. Highe...,PRO/questionnaire term: scale,121
ctgov|NCT06145867|outcome_description|1002|accelerometry,accelerometry,trial:NCT06145867,outcome_measure,outcome_description,"Self-reported adverse reaction or event by participants to the [[acceleromet]]er. Safety will be measured at week 2 (during intervention), at week 6 (follow-up phase) and at week 7 (feedback questionnaire). The severity of the a...",PRO/questionnaire term: Self-report,121
ctgov|NCT06161688|outcome_description|1005|cpet,cpet,trial:NCT06161688,outcome_measure,outcome_description,"... DASI at Day 10 post-randomization. The Duke Activity Status Index is a patient-reported estimate of functional capacity, maximal oxygen consumption ([[VO2 max]]) and maximum metabolic equivalent of tasks (METs). The DASI questionnaire produces a score between 0 and 58.2 points, which is linearly correlated wi...",PRO/questionnaire term: patient-reported,121
ctgov|NCT06204458|intervention_description|1|continuous_temperature,continuous_temperature,trial:NCT06204458,intervention,intervention_description,"...evice and body, patients in the Sham group experience a gentle warmth that cannot be compared with regular whole-body hyperthermia and an increase in [[core body temperature]] of around 1.5°C. The number of treatments, the lighting conditions and procedures including 10L/min oxygen supply, is equal to the treatments in the ...",class exclude_pattern: hyperthermia,121
ctgov|NCT06279936|outcome_measure|1001|blood_biomarkers,blood_biomarkers,trial:NCT06279936,outcome_measure,outcome_measure,"Cross-sectional and longitudinal association between long COVID NP symptoms (BDI, HDRS, STAI, ISI, KEDS, FSS, NP battery ...) and immunological and [[cortisol]] measures (CAR, cytokines, serology, WBC, CRP, mitochondrial markers, TRYCATS, ...)",PRO/questionnaire term: BDI,121
ctgov|NCT06933017|brief_summary|-1|accelerometry,accelerometry,trial:NCT06933017,abstract,brief_summary,"...RS technology, autonomic symptoms using the COMPASS-31 questionnaire, psychological factors with questionnaires and physical activity levels using an [[activity tracker]]. This study will determine if the Two-Day Step Test (6MIST) is a feasible alternative to the two-day CPET for measuring PESE and will help uncover un...",PRO/questionnaire term: diaries,121
ctgov|NCT06933173|brief_summary|-1|hrv,hrv,trial:NCT06933173,abstract,brief_summary,"...tient-reported outcomes including health-related quality of life, fatigue, pain, anxiety and depression and objective measures including daily steps, [[heart rate variability]], and sleep; 2) quantify metabolic changes through untargeted serum metabolomics profiling, 3) determine if metabolomics screening can predict treatme...",PRO/questionnaire term: patient-reported,121
ctgov|NCT07783074|outcome_description|1016|autonomic_testing,autonomic_testing,trial:NCT07783074,outcome_measure,outcome_description,"...erosis and healthy control groups (1 to 7), higher values indicating greater fatigue; to autonomic function assessed by COMPASS-31 and a standardised [[autonomic test]] battery; to digital measurements derived from wearable data; and to diet and symptom entries logged in the FIDO app. Participant characteristics that...",PRO/questionnaire term: COMPASS-31,121
ctgov|NCT07783074|outcome_description|1022|ppg,ppg,trial:NCT07783074,outcome_measure,outcome_description,"...BVMT-R). Candidate measurements are derived during analysis from raw sensor signals recorded by an armband monitor and consumer smartwatch, including [[photoplethysmogra]]phy, inertial, barometric and temperature signals, and from smartphone-based active tasks and questionnaires administered through the study applicatio...",PRO/questionnaire term: questionnaire,121
nih|10511731|abstract_text|-1|sleep_objective,sleep_objective,nih:10511731,abstract,abstract_text,"...dicators of sleep disturbances will be assessed by (a) day-to-day diary- and actigraphy-based monitoring of sleep in the at-home environment, and (b) [[polysomnogra]]phy (PSG) in the in-hospital environment to evaluate macro- and microstructural sleep characteristics. The proposed work will be the first study to ex...",PRO/questionnaire term: diary,121
