analyte,n_cases,n_controls,median_cases,median_controls,hedges_g,g_ci_low,g_ci_high,auroc_case_higher,p_value,q_value,analyte_name,unit
x1_Cytokines_Cortisol_Obs_Conc_ng/mL_GG21.1_ML,98,79,-0.800688840485126,0.866084798468182,,,,0.03409971583570137,1.886471134144661e-26,2.716518433168312e-24,Cortisol,ng/mL
x1_Cytokines_IL-12_Obs_Conc_pg/mL_GG4.5_ML,98,79,-0.579152287302873,0.427362296350463,,,,0.21454404546628777,6.963751406516908e-11,5.013901012692174e-09,IL-12,pg/mL
x1_Cytokines_LIF_Obs_Conc_pg/mL_GG4.3_ML,98,79,-0.556924534592831,0.248720682185297,,,,0.2620769826918109,5.495480574868402e-08,2.637830675936833e-06,LIF,pg/mL
x1_Cytokines_IL-25_Obs_Conc_pg/mL_GG4.7_ML,98,79,-0.41161202481059,0.0244740363473921,,,,0.26569361921983986,8.702556184231981e-08,2.9058798203137042e-06,IL-25,pg/mL
x1_Cytokines_IFNÎ³_Obs_Conc_pg/mL_GG5.2_ML,98,79,-0.6607523752121545,0.123454169342679,,,,0.26685610953242056,1.0089860487200363e-07,2.9058798203137042e-06,IFNÎ³,pg/mL
x1_Cytokines_IL-13_Obs_Conc_pg/mL_GG4.6_ML,98,79,-0.521441895000947,0.162225860228477,,,,0.2742185481787652,2.508378642012291e-07,6.020108740829499e-06,IL-13,pg/mL
x1_Cytokines_IL-4_Obs_Conc_pg/mL_GG4.2_ML,98,79,-0.508220199563582,-0.11171979253278,,,,0.27873934383880133,4.3171276861917397e-07,8.635054966895328e-06,IL-4,pg/mL
x1_Cytokines_Complement C4b_Obs_Conc_ng/mL_GG16.2_ML,98,79,0.32270631681069095,-0.506065035067844,,,,0.7204210798243348,4.797252759386293e-07,8.635054966895328e-06,Complement C4b,ng/mL
x1_Cytokines_GCSF_Obs_Conc_pg/mL_GG14.7_ML,97,79,-0.484771394137294,0.000220743346877757,,,,0.2832441602505546,7.817628565922036e-07,1.2508205705475258e-05,GCSF,pg/mL
x1_Cytokines_IL-21_Obs_Conc_pg/mL_GG4.2_ML,98,79,-0.396855490943615,-0.00702069387390521,,,,0.2861663652802893,8.788368622774908e-07,1.2655250816795867e-05,IL-21,pg/mL
x1_Cytokines_GDF15_Obs_Conc_pg/mL_GG7.2_ML,98,79,-0.03358973387705734,-0.498649489176389,,,,0.7137044691294239,1.0562699602202248e-06,1.3827534024701123e-05,GDF15,pg/mL
x1_Cytokines_IL-2_Obs_Conc_pg/mL_GG4.2_ML,98,79,-0.370885352543928,-0.180653933443306,,,,0.2965641952983725,2.431576889849907e-06,2.9178922678198884e-05,IL-2,pg/mL
x1_Cytokines_FGF2_Obs_Conc_pg/mL_GG14.2_ML,98,79,-0.389456445773139,-0.121189188949615,,,,0.29733918884009297,3.4766801228755265e-06,3.851091828415968e-05,FGF2,pg/mL
x1_Cytokines_CCL23_Obs_Conc_pg/mL_GG3.2_ML,98,79,0.179036393694818,-0.46550946990623,,,,0.6994962541978816,5.204956780602052e-06,5.317855996740011e-05,CCL23,pg/mL
x1_Cytokines_XCL1_Obs_Conc_pg/mL_GG3.1_ML,94,76,-0.225148664850949,-0.384567073715415,,,,0.7023376259798432,5.724268157076246e-06,5.317855996740011e-05,XCL1,pg/mL
x1_Cytokines_CCL19_Obs_Conc_pg/mL_GG3.2_ML,98,79,-0.045337987128461446,-0.34886125206628,,,,0.698333763885301,5.9087288852666785e-06,5.317855996740011e-05,CCL19,pg/mL
x1_Cytokines_M-CSF_Obs_Conc_pg/mL_GG14.6_ML,98,79,-0.483167447160402,-0.0610595465943679,,,,0.3022474812709894,6.282829631236442e-06,5.321926275870869e-05,M-CSF,pg/mL
x1_Cytokines_CCL5_Obs_Conc_pg/mL_GG3.2_ML,98,79,-0.3474160752365395,-0.340634082737973,,,,0.3034745543787135,7.1788175683689675e-06,5.743054054695174e-05,CCL5,pg/mL
x1_Cytokines_PDGF-AA_Obs_Conc_pg/mL_GG14.5_ML,98,79,-0.3529142337494735,-0.275639363422177,,,,0.31593903384138466,2.6275799139273515e-05,0.00019914289873975717,PDGF-AA,pg/mL
x1_Cytokines_Complement C5_Obs_Conc_ng/mL_GG16.6_ML,98,79,0.14481165647793748,-0.336990060405802,,,,0.6830276414363213,2.915065095650358e-05,0.00020988468688682576,Complement C5,ng/mL
x1_Cytokines_NGF_Obs_Conc_pg/mL_GG14.4_ML,98,79,-0.119354425562718,-0.213700834157885,,,,0.679863084474296,3.90393175032355e-05,0.0002676981771650434,NGF,pg/mL
x1_Cytokines_Galectin-1_Obs_Conc_pg/mL_GG24.1_ML,98,79,0.245807608315817,-0.472262442345229,,,,0.6723714802376647,8.267763061055699e-05,0.0005411626730872821,Galectin-1,pg/mL
x1_Cytokines_IL-1RA_Obs_Conc_pg/mL_GG4.1_ML,98,79,-0.425492122095201,-0.225034578966136,,,,0.33053474554378715,0.0001087182096315224,0.0006768426787522987,IL-1RA,pg/mL
x1_Cytokines_PDGF-AB/BB_Obs_Conc_pg/mL_GG14.5_ML,98,79,-0.413391213788727,-0.0468428190315757,,,,0.3309222423146474,0.00011280711312538312,0.0006768426787522987,PDGF-AB/BB,pg/mL
x1_Cytokines_CCL28_Obs_Conc_pg/mL_GG3.2_ML,98,79,-0.29469536043212696,-0.0667362014546046,,,,0.3327951433738052,0.00013412294309184027,0.000772548152209,CCL28,pg/mL
x1_Cytokines_Haptoglobin_Obs_Conc_ng/mL_GG11.2_ML,98,79,0.046947700189903796,-0.475117075693743,,,,0.6657840351330405,0.0001530899555951194,0.0008478828309883535,Haptoglobin,ng/mL
x1_Cytokines_IL-1Î²_Obs_Conc_pg/mL_GG4.1_ML,98,79,-0.306703283544376,-0.169558053151757,,,,0.33641177990183413,0.00018674301604954154,0.0009959627522642216,IL-1Î²,pg/mL
x1_Cytokines_IL-23_Obs_Conc_pg/mL_GG4.5_ML,98,79,-0.3782025901544565,-0.309568871756126,,,,0.3380263497804185,0.00020127266773010966,0.0010188496913768803,IL-23,pg/mL
x1_Cytokines_CCL20_Obs_Conc_pg/mL_GG3.2_ML,98,79,-0.10055918147532385,-0.239040243970787,,,,0.6625548953758719,0.0002051850072911773,0.0010188496913768803,CCL20,pg/mL
x1_Cytokines_VEGF-A_Obs_Conc_pg/mL_GG14.3_ML,98,79,-0.578225649303298,0.0155951103196043,,,,0.3421596486695944,0.000312682708950884,0.001500877002964243,VEGF-A,pg/mL
x1_Cytokines_APRIL_Obs_Conc_pg/mL_GG13.1_ML,98,79,0.157037556989603,-0.422981641869658,,,,0.6540945492120899,0.0004332454558589513,0.002012495020764161,APRIL,pg/mL
x1_Cytokines_CCL4_Obs_Conc_pg/mL_GG3.2_ML,98,78,-0.178980622997781,-0.49659816962130854,,,,0.652145473574045,0.0005360103536384185,0.0024120465913728835,CCL4,pg/mL
x1_Cytokines_HMGB1_Obs_Conc_ng/mL_GG20.1_ML,98,79,0.0727845234153995,-0.411963879498841,,,,0.650671661069491,0.0005715296695389965,0.0024939476488974395,HMGB1,ng/mL
x1_Cytokines_CCL8_Obs_Conc_pg/mL_GG3.2_ML,98,79,-0.3653578427263835,0.0873744967101359,,,,0.3518470679411005,0.0007161119489702927,0.0030329447250506516,CCL8,pg/mL
x1_Cytokines_LH_Obs_Conc_mIU/mL_GG1.2_ML,98,79,-0.2329818713607435,-0.466852845108617,,,,0.643244639628003,0.001071202240317182,0.004407232074447835,LH,mIU/mL
x1_Cytokines_Complement C2_Obs_Conc_ng/mL_GG16.1_ML,98,79,-0.498806132388547,-0.138529952486117,,,,0.35798243347972103,0.0011787925945912251,0.0047151703783649005,Complement C2,ng/mL
x1_Cytokines_CX3CL1_Obs_Conc_pg/mL_GG3.4_ML,98,79,-0.423011997340566,-0.112920491872961,,,,0.35856367863601135,0.001238448908931717,0.0048199092671937106,CX3CL1,pg/mL
x1_Cytokines_CXCL13_Obs_Conc_pg/mL_GG3.3_ML,98,79,-0.3393396190893835,-0.0773202054834254,,,,0.35959700335830536,0.0013452245670915225,0.005097693096346822,CXCL13,pg/mL
x1_Cytokines_CCL7_Obs_Conc_pg/mL_GG3.2_ML,98,79,-0.176263717840762,-0.0913284958598352,,,,0.36082407646602943,0.0014813788139020952,0.0054697063897923524,CCL7,pg/mL
x1_Cytokines_IL-5_Obs_Conc_pg/mL_GG14.8_ML,98,79,-0.357968197953903,-0.182537118817394,,,,0.3639240506329114,0.0018865364899928563,0.006791531363974282,IL-5,pg/mL
x1_Cytokines_Neurotensin_Obs_Conc_pg/mL_GG2.4_ML,98,79,-0.06823614847882395,-0.126875374911797,,,,0.6355592870059417,0.001964219664716383,0.0068987227248575415,Neurotensin,pg/mL
x1_Cytokines_Factor I_Obs_Conc_ng/mL_GG16.4_ML,98,79,-0.316162984066579,0.102914792693559,,,,0.3676698527512271,0.0025133878756605503,0.0086173298594076,Factor I,ng/mL
x1_Cytokines_IL-12B_Obs_Conc_pg/mL_GG4.5_ML,98,79,-0.2698481061901255,-0.136274011652174,,,,0.3682510979075174,0.0026202668956256006,0.008768499838016157,IL-12B,pg/mL
x1_Cytokines_IL-17A_Obs_Conc_pg/mL_GG4.7_ML,98,79,-0.3253939549757555,-0.122455738779246,,,,0.3685740118832343,0.002679263839393826,0.008768499838016157,IL-17A,pg/mL
x1_Cytokines_IL-9_Obs_Conc_pg/mL_GG4.2_ML,98,79,-0.415337439959253,-0.0802415633762179,,,,0.36980108499095843,0.0027610171615232285,0.00883525491687433,IL-9,pg/mL
x1_Cytokines_CXCL10_Obs_Conc_pg/mL_GG3.3_ML,98,79,-0.08842417107286529,-0.208694594389875,,,,0.6306509945750453,0.002851039291246496,0.008924992563902076,CXCL10,pg/mL
x1_Cytokines_TNFÎ²_Obs_Conc_pg/mL_GG13.1_ML,98,79,-0.404111137306983,-0.0810054245450548,,,,0.3698656677861018,0.002961734513380843,0.009074250423975349,TNFÎ²,pg/mL
x1_Cytokines_T4_Obs_Conc_ng/mL_GG21.3_ML,98,79,-0.372578305017007,-0.0921305754050259,,,,0.3705114957375355,0.0031059624346404663,0.009317887303921399,T4,ng/mL
x1_Cytokines_EGF_Obs_Conc_pg/mL_GG14.1_ML,98,79,-0.424490543201941,-0.130661040756818,,,,0.3789072591061741,0.005692185894481494,0.01672805650623133,EGF,pg/mL
x1_Cytokines_ADAMTS13_Obs_Conc_ng/mL_GG6.1_ML,98,79,-0.24679119282102102,0.230514873193931,,,,0.3813614053216223,0.006747449991000038,0.019395105105353975,ADAMTS13,ng/mL
x1_Cytokines_EPO_Obs_Conc_pg/mL_GG14.9_ML,98,79,-0.110926369468895,-0.0730035919127323,,,,0.3816843192973392,0.006869099724812866,0.019395105105353975,EPO,pg/mL
x1_Cytokines_IL-33_Obs_Conc_pg/mL_GG4.1_ML,98,79,-0.2925334606286125,-0.261962652179404,,,,0.38471971066907773,0.008185708251417836,0.02245004467115888,IL-33,pg/mL
x1_Cytokines_IL-17F_Obs_Conc_pg/mL_GG4.7_ML,98,79,-0.173630897635591,-0.144440077174352,,,,0.38433221389821753,0.008262863663690423,0.02245004467115888,IL-17F,pg/mL
x1_Cytokines_TSLP_Obs_Conc_pg/mL_GG4.2_ML,98,79,-0.1941563196312755,-0.189413062516651,,,,0.386657194523379,0.009029068528147213,0.023579028441077895,TSLP,pg/mL
x1_Cytokines_Apelin_Obs_Conc_pg/mL_GG21.4_ML,98,79,-0.0941308105450103,-0.0818838084284871,,,,0.38594678377680186,0.009163854824436284,0.023579028441077895,Apelin,pg/mL
x1_Cytokines_CCL26_Obs_Conc_pg/mL_GG3.2_ML,98,79,-0.423511931759568,0.0325613877602216,,,,0.3858822009816585,0.009169622171530292,0.023579028441077895,CCL26,pg/mL
x1_Cytokines_CCL15_Obs_Conc_pg/mL_GG3.2_ML,98,79,-0.31562411438479754,0.0190232777031833,,,,0.38865926117282357,0.011015568038610622,0.027828803465963677,CCL15,pg/mL
x1_Cytokines_FLT3LG_Obs_Conc_pg/mL_GG14.6_ML,98,79,-0.35984457549549054,0.00333877884360641,,,,0.3915654869542754,0.013291664246875763,0.03299999399224327,FLT3LG,pg/mL
x1_Cytokines_IL-22_Obs_Conc_pg/mL_GG4.4_ML,98,79,-0.40673812561898104,-0.0674666468368328,,,,0.39776543528803926,0.019580698127500303,0.04779017848067871,IL-22,pg/mL
x1_Cytokines_CXCL12_Obs_Conc_pg/mL_GG3.3_ML,98,79,-0.23395692680839952,0.0504356913421845,,,,0.398411263239473,0.020372136478292002,0.048282688349476,CXCL12,pg/mL
x1_Cytokines_CXCL14_Obs_Conc_pg/mL_GG3.3_ML,98,79,0.05400219983479715,-0.430040426900675,,,,0.6015241539653836,0.02045308325915303,0.048282688349476,CXCL14,pg/mL
x1_Cytokines_Mb_Obs_Conc_pg/mL_GG9.1_ML,98,79,-0.192600439098128,-0.379818613887924,,,,0.6001033324722294,0.022284941308725666,0.05175857336220154,Mb,pg/mL
x1_Cytokines_AgRP_Obs_Conc_pg/mL_GG2.1_ML,98,79,-0.300027113972965,-0.0683188890500526,,,,0.40273831051407905,0.026380808793599893,0.060036654225287346,AgRP,pg/mL
x1_Cytokines_TGFÎ²-1_Obs_Conc_pg/mL_GG7.1_ML,98,79,0.13743216364285804,-0.217324046237056,,,,0.5970679411004909,0.02668295743346104,0.060036654225287346,TGFÎ²-1,pg/mL
x1_Cytokines_CCL22_Obs_Conc_pg/mL_GG3.2_ML,98,79,-0.2862573985982555,-0.143609949250478,,,,0.40351330405579955,0.027605707170032252,0.06115725896130222,CCL22,pg/mL
x1_Cytokines_CXCL16_Obs_Conc_pg/mL_GG3.3_ML,98,79,-0.1580020658269115,0.182184542397712,,,,0.4040945492120899,0.028555418608213427,0.0623027315088293,CXCL16,pg/mL
x1_Cytokines_CCL11_Obs_Conc_pg/mL_GG3.2_ML,98,79,-0.15694958911964002,-0.330920122674197,,,,0.5940325497287523,0.03181099896370941,0.06836990822050977,CCL11,pg/mL
x1_Cytokines_TNFÎ±_Obs_Conc_pg/mL_GG13.1_ML,98,79,-0.335829838436632,-0.0956696908807925,,,,0.40648411263239476,0.03275927214287394,0.06937257630255658,TNFÎ±,pg/mL
x1_Cytokines_Osteonectin_Obs_Conc_ng/mL_GG28.1_ML,98,79,-0.10645837646093151,-0.0732064416081022,,,,0.4082924308964092,0.036288743574753,0.07573303006904973,Osteonectin,ng/mL
x1_Cytokines_CCL1_Obs_Conc_pg/mL_GG3.2_ML,98,79,-0.1923628563370915,-0.0541571114063108,,,,0.40984241797985016,0.03955935301165281,0.08137924048111435,CCL1,pg/mL
x1_Cytokines_IFNL1_Obs_Conc_pg/mL_GG5.3_ML,98,79,-0.0774236612496488,-0.0774582993484463,-0.10544270257223697,-0.29091091908168093,0.25482238932973583,0.5897055024541462,0.04043170871117911,0.08200233879450411,IFNL1,pg/mL
x1_Cytokines_MSH_Obs_Conc_pg/mL_GG2.3_ML,98,79,-0.146532135399427,-0.124806135787162,,,,0.4119736502195815,0.044474123445523026,0.08894824689104605,MSH,pg/mL
x1_Cytokines_Oxytocin_Obs_Conc_pg/mL_GG1.5_ML,98,79,-0.183452366415765,-0.283565482458297,,,,0.5875742702144149,0.045581431729294984,0.08991405710984217,Oxytocin,pg/mL
x1_Cytokines_D-dimer_Obs_Conc_ng/mL_GG6.2_ML,98,79,-0.127737813800178,-0.214069821286899,,,,0.5871221906484113,0.04671126752240896,0.09089760166522826,D-dimer,ng/mL
x1_Cytokines_FSH_Obs_Conc_mIU/mL_GG1.2_ML,98,79,-0.3499159993507215,-0.407900969300627,,,,0.5828597261689485,0.05855348847087117,0.11242269786407263,FSH,mIU/mL
x1_Cytokines_PAI-1 (total)_Obs_Conc_pg/mL_GG6.3_ML,98,79,0.0020764104622020482,-0.403234491385235,,,,0.5793722552312064,0.07000760127236189,0.13092652751631342,PAI-1 (total),pg/mL
x1_Cytokines_BAFF_Obs_Conc_pg/mL_GG13.1_ML,98,79,-0.283422656041787,-0.0752544431524315,,,,0.4208860759493671,0.07088190494057181,0.13092652751631342,BAFF,pg/mL
x1_Cytokines_GMCSF_Obs_Conc_pg/mL_GG14.8_ML,98,79,-0.09470076160453514,-0.0971837483973805,,,,0.5791139240506329,0.0709185357380031,0.13092652751631342,GMCSF,pg/mL
x1_Cytokines_a2M_Obs_Conc_ng/mL_GG18.1_ML,98,79,-0.0242311322448778,-0.175554128452573,,,,0.5773056057866185,0.07762361687571724,0.14017174971057642,a2M,ng/mL
x1_Cytokines_CXCL11_Obs_Conc_pg/mL_GG3.3_ML,98,79,-0.09008281173208435,-0.127575130067546,,,,0.5772410229914751,0.07787319428365357,0.14017174971057642,CXCL11,pg/mL
x1_Cytokines_Complement C5a_Obs_Conc_pg/mL_GG16.3_ML,98,79,-0.262903313929505,-0.316252433502985,,,,0.5764014466546112,0.08110530698727178,0.1441872124218165,Complement C5a,pg/mL
x1_Cytokines_IL-7_Obs_Conc_pg/mL_GG4.2_ML,98,79,-0.183918016607657,-0.143449430391646,,,,0.42818393180056835,0.10116271433237028,0.17765159590074783,IL-7,pg/mL
x1_Cytokines_Factor D_Obs_Conc_pg/mL_GG16.1_ML,98,79,-0.1602218668149895,-0.224780357278261,,,,0.5709119090674244,0.10554046925009539,0.18092651871444923,Factor D,pg/mL
x1_Cytokines_Granulysin_Obs_Conc_pg/mL_GG25.1_ML,98,79,-0.2643596583538945,-0.0666460066834891,,,,0.42908809093257555,0.10554046925009539,0.18092651871444923,Granulysin,pg/mL
x1_Cytokines_IL-11_Obs_Conc_pg/mL_GG4.3_ML,98,79,-0.129314529603248,-0.119565496862565,,,,0.4300568328597262,0.10949701994178826,0.1855008337837354,IL-11,pg/mL
x1_Cytokines_TPO_Obs_Conc_pg/mL_GG14.9_ML,98,79,-0.286107740199047,-0.272953248205377,,,,0.43063807801601656,0.11338040302647241,0.1898462562303724,TPO,pg/mL
x1_Cytokines_TGFÎ²-3_Obs_Conc_pg/mL_GG7.1_ML,98,79,-0.19506762445864884,-0.307060613786461,,,,0.5658744510462412,0.12357362855021893,0.20453566104863824,TGFÎ²-3,pg/mL
x1_Cytokines_IL-6_Obs_Conc_pg/mL_GG4.3_ML,98,79,-0.223456584934407,-0.233137534433316,,,,0.5671661069491087,0.1252709329288543,0.2049887993381252,IL-6,pg/mL
x1_Cytokines_MBL_Obs_Conc_ng/mL_GG16.5_ML,98,79,-0.265598790599875,-0.103769279505788,,,,0.4333505554120382,0.12821282657600855,0.20744547221286774,MBL,ng/mL
x1_Cytokines_ORM1_Obs_Conc_ng/mL_GG10.2_ML,98,79,-0.04279844647057955,-0.0732402964946516,,,,0.5660681994316714,0.13157653024922156,0.2105224483987545,ORM1,ng/mL
x1_Cytokines_IL-10_Obs_Conc_pg/mL_GG4.4_ML,98,79,-0.234942858230862,-0.131875382768409,,,,0.4415525703952467,0.1822383047467817,0.28447423380052617,IL-10,pg/mL
x1_Cytokines_IFNL3_Obs_Conc_pg/mL_GG5.3_ML,98,79,-0.252040922454023,-0.143242649860728,,,,0.4428442262981142,0.18283551984864332,0.28447423380052617,IFNL3,pg/mL
x1_Cytokines_Perforin_Obs_Conc_pg/mL_GG29.1_ML,98,79,0.10271919809726579,-0.0742372886887104,,,,0.5582536812193232,0.18372294266283984,0.28447423380052617,Perforin,pg/mL
x1_Cytokines_CCL2_Obs_Conc_pg/mL_GG3.2_ML,98,79,-0.120460942088785,-0.0939735229991128,,,,0.4423921467321106,0.18863586735298554,0.2889740946684034,CCL2,pg/mL
x1_Cytokines_IFN-Î±2_Obs_Conc_pg/mL_GG5.1_ML,98,79,-0.30659102042068,-0.240663088531818,,,,0.4435546370446913,0.19752069972783015,0.2981278330425835,IFN-Î±2,pg/mL
x1_Cytokines_CCL17_Obs_Conc_pg/mL_GG3.2_ML,98,79,-0.22373521196219948,-0.289993240752506,,,,0.5563161973650219,0.19875188869505567,0.2981278330425835,CCL17,pg/mL
x1_Cytokines_IL-8_Obs_Conc_pg/mL_GG3.3_ML,98,79,-0.14140421265188952,-0.154365974881904,,,,0.5553474554378713,0.2065939908134502,0.30669623378491573,IL-8,pg/mL
x1_Cytokines_MPO_Obs_Conc_pg/mL_GG8.1_ML,98,79,-0.359749169896307,-0.157398199979789,,,,0.44691294239214674,0.2257636537343688,0.3316820967314147,MPO,pg/mL
x1_Cytokines_CCL16_Obs_Conc_pg/mL_GG3.2_ML,98,79,-0.125570272440061,-0.201745200001689,,,,0.5528287264272798,0.2280314415028476,0.3316820967314147,CCL16,pg/mL
x1_Cytokines_IL-1Î±_Obs_Conc_pg/mL_GG4.1_ML,98,79,-0.271785699058749,-0.227991374674924,,,,0.4506587445104624,0.26019470645147913,0.37468037729013,IL-1Î±,pg/mL
x1_Cytokines_CCL13_Obs_Conc_pg/mL_GG3.2_ML,98,79,-0.2187152452007875,-0.119693175743839,,,,0.4528545595453371,0.2820800691128945,0.4021735638837308,CCL13,pg/mL
x1_Cytokines_LCN2_Obs_Conc_pg/mL_GG10.1_ML,98,79,-0.21529089977175853,-0.359721323537309,,,,0.5455308705760785,0.29893644780415185,0.42202792631174374,LCN2,pg/mL
x1_Cytokines_FABP-3_Obs_Conc_pg/mL_GG10.3_ML,98,79,-0.1505588731918845,-0.202728371152605,,,,0.544755877034358,0.30724692624614436,0.42639106253599324,FABP-3,pg/mL
x1_Cytokines_CCL24_Obs_Conc_pg/mL_GG3.2_ML,98,79,-0.181436888460392,-0.294763664095931,,,,0.5446912942392147,0.3079491007204396,0.42639106253599324,CCL24,pg/mL
x1_Cytokines_CCL27_Obs_Conc_pg/mL_GG3.2_ML,98,79,-0.02081393314664555,-0.173873002003722,,,,0.5423017308189099,0.3345729549157944,0.4588429095988038,CCL27,pg/mL
x1_Cytokines_T3_Obs_Conc_ng/mL_GG21.3_ML,98,79,0.0343570013362975,0.0790716280754498,,,,0.458537845517954,0.3442332076476645,0.4633156046814566,T3,ng/mL
x1_Cytokines_Î²-Endorphin_Obs_Conc_pg/mL_GG2.3_ML,98,79,-0.13515000558934598,-0.149264896288689,,,,0.5414621544820459,0.3442692340341379,0.4633156046814566,Î²-Endorphin,pg/mL
x1_Cytokines_Galectin-3_Obs_Conc_pg/mL_GG24.2_ML,98,79,-0.1144566631229665,-0.144305561686664,,,,0.5402350813743219,0.35875923228163487,0.4783456430421798,Galectin-3,pg/mL
x1_Cytokines_CCL3_Obs_Conc_pg/mL_GG3.2_ML,98,79,-0.283068044224822,-0.25433827731335,,,,0.4605399121673986,0.36805795553614695,0.48624170272665285,CCL3,pg/mL
x1_Cytokines_CXCL9_Obs_Conc_pg/mL_GG3.3_ML,98,79,-0.14097487496210448,-0.285013599990471,,,,0.5370705244122965,0.397869703086267,0.5208476113129314,CXCL9,pg/mL
x1_Cytokines_Serum amyloid P_Obs_Conc_pg/mL_GG11.4_ML,98,79,-0.15728716499245599,-0.169802196498562,,,,0.5351330405579954,0.42303384639058206,0.5482698342979222,Serum amyloid P,pg/mL
x1_Cytokines_CCL21_Obs_Conc_pg/mL_GG3.2_ML,98,79,-0.196009227372387,-0.256425964528227,,,,0.5348747093774219,0.4264320933428284,0.5482698342979222,CCL21,pg/mL
x1_Cytokines_SAA_Obs_Conc_ng/mL_GG11.1_ML,98,79,-0.275514107892964,-0.296033159900988,,,,0.5343580470162749,0.4333412617495309,0.5522224928489597,SAA,ng/mL
x1_Cytokines_YKL40_Obs_Conc_ng/mL_GG11.5_ML,98,79,-0.13260224978260648,-0.219905059449362,,,,0.5317101524153965,0.4696979920740443,0.5933027268303718,YKL40,ng/mL
x1_Cytokines_TGFÎ²-2_Obs_Conc_pg/mL_GG7.1_ML,98,79,-0.0505543556296181,-0.106135876491044,,,,0.5295143373805218,0.5010700554054921,0.6274268519860075,TGFÎ²-2,pg/mL
x1_Cytokines_Oncostatin M_Obs_Conc_pg/mL_GG4.3_ML,98,79,-0.1437799583588955,-0.170557847404318,,,,0.5288685094290881,0.5105034788333864,0.6337284564828245,Oncostatin M,pg/mL
x1_Cytokines_CXCL1_Obs_Conc_pg/mL_GG3.3_ML,98,79,-0.20889195478870048,-0.234089496140389,,,,0.528158098682511,0.5209886579988157,0.6412168098446962,CXCL1,pg/mL
x1_Cytokines_IL-38_Obs_Conc_pg/mL_GG4.1_ML,98,79,-0.184594926523656,-0.334309617509752,,,,0.5277706019116507,0.5260983398979227,0.6420183130957701,IL-38,pg/mL
x1_Cytokines_Platelet Factor 4_Obs_Conc_ng/mL_GG3.3_ML,98,79,-0.0854877484672797,-0.126696604350994,,,,0.47345647119607337,0.5452051053109694,0.6597439929813412,Platelet Factor 4,ng/mL
x1_Cytokines_Adiponectin_Obs_Conc_pg/mL_GG13.1_ML,98,79,-0.21984351536242,-0.218107752117504,0.2825728633150784,0.03168184543737004,0.47477273584835217,0.47397313355722037,0.5530759281483023,0.6617272223168773,Adiponectin,pg/mL
x1_Cytokines_Follistatin_Obs_Conc_pg/mL_GG23.1_ML,98,79,-0.198657669209852,-0.257127880438708,,,,0.5258331180573496,0.5560346798634872,0.6617272223168773,Follistatin,pg/mL
x1_Cytokines_IL-24_Obs_Conc_ng/mL_GG4.4_ML,98,79,-0.181068855616772,-0.16989897239148,,,,0.477718935675536,0.6116994978313322,0.7220059646533756,IL-24,ng/mL
x1_Cytokines_Myostatin_Obs_Conc_pg/mL_GG7.2_ML,98,79,-0.0752221238032502,-0.0752263016015422,-0.16773289687239046,-0.3011376031833466,0.22299278468105518,0.4793335055541204,0.6377906500211836,0.7466817366101662,Myostatin,pg/mL
x1_Cytokines_ACTH_Obs_Conc_pg/mL_GG1.1_ML,98,79,-0.17491927096878,-0.322986959612443,,,,0.5193748385430121,0.6578731858995721,0.7639817642704708,ACTH,pg/mL
x1_Cytokines_IL-36B_Obs_Conc_pg/mL_GG4.1_ML,98,79,-0.205150176406872,-0.211969857463953,,,,0.4832084732627228,0.6995291155012707,0.8058575410574639,IL-36B,pg/mL
x1_Cytokines_4-1BBL_Obs_Conc_pg/mL_GG13.1_ML,98,73,-0.265895602633374,-0.269305104246537,,,,0.48322616717920047,0.7084622452399126,0.809671137417043,4-1BBL,pg/mL
x1_Cytokines_IL-18_Obs_Conc_pg/mL_GG4.1_ML,98,79,-0.1794076710465255,-0.211210843639436,,,,0.5159519504004133,0.7166336453487427,0.8125609837025115,IL-18,pg/mL
x1_Cytokines_Osteocrin_Obs_Conc_pg/mL_GG26.1_ML,98,79,-0.191559677058836,-0.191559677058836,,,,0.5149832084732627,0.7332040207700049,0.8248545233662555,Osteocrin,pg/mL
x1_Cytokines_CXCL5_Obs_Conc_pg/mL_GG3.3_ML,98,79,-0.23249376090214052,-0.237356846241721,,,,0.48553345388788427,0.7421367872910489,0.8284317625574499,CXCL5,pg/mL
x1_Cytokines_Insulin_Obs_Conc_pg/mL_GG21.5_ML,98,79,-0.34198941982311404,-0.326501892765144,,,,0.4881167656936192,0.7864694701253908,0.8711661822927406,Insulin,pg/mL
x1_Cytokines_TRAIL_Obs_Conc_pg/mL_GG13.1_ML,98,79,-0.118802096399399,-0.101053535637484,,,,0.5103332472229398,0.8145214867806907,0.8930641875159907,TRAIL,pg/mL
x1_Cytokines_CCL18_Obs_Conc_pg/mL_GG3.2_ML,98,79,-0.27197456170804746,-0.228317987418424,,,,0.49005424954792043,0.8213796465944347,0.8930641875159907,CCL18,pg/mL
x1_Cytokines_FGF-21_Obs_Conc_pg/mL_GG14.2_ML,98,79,-0.1056025675266985,-0.116772308576943,,,,0.5097520020666494,0.8248440065251859,0.8930641875159907,FGF-21,pg/mL
x1_Cytokines_IL-27_Obs_Conc_pg/mL_GG4.5_ML,98,79,-0.0960354801772249,-0.118235702886871,,,,0.5073624386463446,0.8675856180974327,0.9323308134778381,IL-27,pg/mL
x1_Cytokines_Granzyme B_Obs_Conc_pg/mL_GG27.1_ML,98,79,-0.2190745431201565,-0.240475389818246,,,,0.5066520278997675,0.8803705544939014,0.9363773814006685,Granzyme B,pg/mL
x1_Cytokines_CXCL6_Obs_Conc_pg/mL_GG3.3_ML,98,79,-0.15654611573309501,-0.149353179283899,,,,0.5062645311289072,0.8873617776223341,0.9363773814006685,CXCL6,pg/mL
x1_Cytokines_CRP_Obs_Conc_pg/mL_GG11.3_ML,98,79,-0.35375203800404453,-0.348982129265641,,,,0.5060707827434772,0.8908590364714692,0.9363773814006685,CRP,pg/mL
x1_Cytokines_TSH_Obs_Conc_Î¼IU/mL_GG1.4_ML,98,79,-0.1701852361108815,-0.238880302910485,,,,0.5049728752260397,0.9107150252342499,0.9503113306792172,TSH,Î¼IU/mL
x1_Cytokines_TGFÎ±_Obs_Conc_pg/mL_GG14.1_ML,98,79,-0.1722605061776195,-0.167751225388503,,,,0.4956083699302506,0.9212520026611962,0.9543905639080018,TGFÎ±,pg/mL
x1_Cytokines_BDNF_Obs_Conc_pg/mL_GG14.4_ML,98,79,0.48159559479080505,0.314314000581095,,,,0.5036812193231723,0.9341495251283387,0.960839511560577,BDNF,pg/mL
x1_Cytokines_GH_Obs_Conc_pg/mL_GG1.3_ML,98,79,-0.4648201764392895,-0.483485300702704,,,,0.4970291914234048,0.9470630354819591,0.9619638220460757,GH,pg/mL
x1_Cytokines_Leptin_Obs_Conc_pg/mL_GG4.3_ML,98,79,-0.35138514981366153,-0.379584180461775,,,,0.5027124773960217,0.951762578543883,0.9619638220460757,Leptin,pg/mL
x1_Cytokines_IL-15_Obs_Conc_pg/mL_GG4.2_ML,98,79,-0.2724968698730615,-0.313119938470294,,,,0.4974812709894084,0.9552835177263113,0.9619638220460757,IL-15,pg/mL
x1_Cytokines_Substance P_Obs_Conc_pg/mL_GG2.5_ML,98,79,-0.141785250065253,-0.134470328679425,,,,0.5016791526737278,0.9705752724860696,0.9705752724860696,Substance P,pg/mL
