permutation,cortisol_only_auroc_null,panel_auroc_null
0,0.6209558823529411,0.5020010228870988
1,0.44501050420168065,0.4758406853343562
2,0.41790966386554623,0.49302518859480876
3,0.6278361344537815,0.43073136427566816
4,0.5879201680672269,0.4002493287303414
5,0.24763655462184872,0.5023078890167498
6,0.4164390756302521,0.43959851681370665
7,0.5318802521008404,0.5214166986318886
8,0.2587710084033613,0.6330520393811533
9,0.35845588235294124,0.442929292929293
10,0.40756302521008403,0.5738524485359928
11,0.661186974789916,0.4973404935430252
12,0.3101890756302521,0.44345352256744663
13,0.3789915966386555,0.48566040148318634
14,0.407983193277311,0.5049801815624602
15,0.48870798319327724,0.4279759621531773
16,0.3959558823529411,0.5454034010996036
17,0.4164390756302521,0.503100626518348
18,0.31024159663865547,0.4982674849763458
19,0.2730042016806723,0.5115330520393812
20,0.2773109243697479,0.5077675489067894
21,0.3351890756302521,0.5222541874440608
22,0.2663865546218488,0.5221966500447514
23,0.549422268907563,0.5031581639176576
24,0.30751050420168063,0.5177470911648128
25,0.3839285714285715,0.46472318117887734
26,0.3236344537815126,0.5357882623705409
27,0.5146008403361345,0.47348804500703234
28,0.4595063025210083,0.4603439457869838
29,0.3979516806722689,0.44909218769978265
30,0.3485819327731092,0.41744022503516176
31,0.35971638655462185,0.5164429101137963
32,0.5194852941176471,0.43508502749009076
33,0.6407563025210083,0.504935430251886
34,0.29606092436974796,0.6009205983889528
35,0.5336134453781513,0.50981971614883
36,0.27274159663865544,0.47153816647487545
37,0.29443277310924365,0.45851553509781356
38,0.3586134453781512,0.5672548267484976
39,0.6438025210084035,0.4694668200997314
40,0.46785714285714286,0.5094361334867663
41,0.2515231092436975,0.4940992200485871
42,0.2940126050420168,0.47693389592123764
43,0.3148109243697479,0.5395090141925585
44,0.321218487394958,0.45925073520010234
45,0.6702205882352942,0.5579337680603504
46,0.27956932773109244,0.5309039764735967
47,0.6743172268907563,0.574363892085411
48,0.3376575630252101,0.6156309934790947
49,0.5275735294117647,0.5869517964454672
50,0.48161764705882354,0.5065720496100242
51,0.4584033613445378,0.443044367727912
52,0.34700630252100845,0.5120125303669607
53,0.6988445378151261,0.5303030303030303
54,0.5158088235294118,0.5451796445467332
55,0.6273109243697478,0.4392980437284234
56,0.2990021008403361,0.4642948472062396
57,0.5175945378151259,0.4839214934151643
58,0.5726365546218488,0.43410049865746075
59,0.3246323529411764,0.5458253420278738
60,0.515703781512605,0.49461705664237304
61,0.45294117647058824,0.5689042321953715
62,0.3160714285714286,0.5036376422452371
63,0.36328781512605035,0.5375847078378723
64,0.46129201680672266,0.4281293952180028
65,0.46402310924369744,0.48449686740825976
66,0.3476890756302521,0.5246451860375911
67,0.31869747899159667,0.49992328346758724
68,0.36769957983193274,0.420630354174658
69,0.43928571428571433,0.5339023142820611
70,0.3084033613445378,0.63961769594681
71,0.37247899159663866,0.5614563355069684
72,0.3838235294117647,0.41445467331543284
73,0.7676995798319328,0.4668392788645953
74,0.24364495798319324,0.5049034650300473
75,0.6100315126050421,0.5066295870093338
76,0.5610819327731092,0.5085283211865491
77,0.5284138655462186,0.455849635596471
78,0.34968487394957987,0.4461705664237311
79,0.5368697478991596,0.4144099220048587
80,0.6112394957983193,0.543939393939394
81,0.31643907563025214,0.45428333972637774
82,0.5137605042016806,0.45056898094872777
83,0.2665441176470588,0.4824319140774837
84,0.42946428571428574,0.5479222605804883
85,0.6871848739495798,0.46084899629203424
86,0.4832457983193278,0.5409218769978265
87,0.5362394957983194,0.5813514895793376
88,0.4045168067226891,0.4009717427438947
89,0.5817226890756302,0.6079401611047182
90,0.3073529411764706,0.42092443421557346
91,0.27153361344537813,0.40602864083876744
92,0.59375,0.5689170182841069
93,0.4046218487394957,0.5423794911136685
94,0.3141806722689076,0.5197736862293825
95,0.5728991596638655,0.52636491497251
96,0.3520483193277311,0.5509461705664236
97,0.3382352941176471,0.40207134637514386
98,0.3134978991596639,0.4658547500319653
99,0.3142331932773109,0.4544943101905128
100,0.6131302521008404,0.49592123769338964
101,0.4957457983193277,0.5112645441759367
102,0.6113970588235296,0.5105421301623835
103,0.505672268907563,0.5404871499808209
104,0.4771533613445377,0.514358777649917
105,0.4606617647058823,0.5187763713080169
106,0.28025210084033614,0.42927375015982605
107,0.45709033613445377,0.4960874568469505
108,0.4007352941176471,0.5127477304692495
109,0.4272584033613446,0.5330008950262115
110,0.48450630252100835,0.5896432681242807
111,0.4838760504201681,0.4808400460299195
112,0.38103991596638653,0.46835443037974683
113,0.3360294117647059,0.44178493798746965
114,0.3262605042016807,0.5182457486254954
115,0.36717436974789913,0.5195115714103056
116,0.38392857142857145,0.4680092059838895
117,0.2977941176470588,0.503663214422708
118,0.5515231092436976,0.4379075565784426
119,0.35735294117647054,0.5752525252525251
120,0.5363445378151261,0.49826109193197804
121,0.2818802521008404,0.5611814345991561
122,0.2552521008403361,0.586069556322721
123,0.3873949579831933,0.5679772407620509
124,0.5162815126050421,0.5620444955887993
125,0.3585609243697479,0.5378404296125816
126,0.30730042016806725,0.5745684695051784
127,0.5461134453781512,0.4880130418105102
128,0.4242121848739496,0.5476090014064698
129,0.30304621848739494,0.5326556706303542
130,0.30388655462184877,0.4272343690065209
131,0.6433298319327732,0.4696010740314539
132,0.29002100840336137,0.5767101393683672
133,0.49889705882352925,0.5559774964838257
134,0.44338235294117645,0.5177343050760773
135,0.4032563025210084,0.4568853087840429
136,0.5577731092436975,0.40572816775348414
137,0.34989495798319326,0.530852832118655
138,0.4463235294117648,0.5592699143332054
139,0.5143907563025211,0.49012274645186027
140,0.756670168067227,0.46906405830456455
141,0.3491596638655462,0.4575310062651835
142,0.43886554621848733,0.4824830584324255
143,0.3377626050420168,0.47542513745045384
144,0.4796743697478991,0.42210075437923533
145,0.36885504201680674,0.5275636107914589
146,0.32499999999999996,0.46021608489962923
147,0.335031512605042,0.4843498273878021
148,0.4752100840336134,0.6427630737757319
149,0.2707457983193277,0.467408259813323
150,0.3199579831932773,0.46372586625751183
151,0.4230567226890757,0.4724459787750927
152,0.6634978991596638,0.465202659506457
153,0.3060399159663866,0.5665963431786216
154,0.5264705882352941,0.5064058304564634
155,0.7396008403361345,0.5241401355325406
156,0.5613445378151259,0.5588479734049355
157,0.6742647058823529,0.5744150364403529
158,0.28881302521008406,0.5046797084771768
159,0.6646533613445379,0.4733985423858841
160,0.31796218487394956,0.5293280910369518
161,0.3004726890756303,0.5338639560158549
162,0.3351365546218487,0.48251502365426424
163,0.5078781512605042,0.5154008438818565
164,0.4787815126050419,0.4669927119294209
165,0.45677521008403354,0.46135404679708475
166,0.5596113445378151,0.36365554276946677
167,0.46622899159663866,0.5189170182841069
168,0.31260504201680667,0.48557729190640586
169,0.31281512605042017,0.42192174913693903
170,0.3243697478991597,0.42370540851553506
171,0.29543067226890757,0.5428973277074542
172,0.6649159663865546,0.4341132847461962
173,0.32053571428571437,0.4963879299322337
174,0.5617121848739497,0.4267037463239995
175,0.4552521008403361,0.44134381792609634
176,0.35850840336134454,0.4840621403912543
177,0.5128676470588236,0.5199399053829434
178,0.3240546218487395,0.4940288965605421
179,0.4810924369747898,0.4959340237821249
180,0.5693802521008403,0.5305651451221072
181,0.433298319327731,0.5129267357115458
182,0.31024159663865547,0.4602864083876742
183,0.6879726890756303,0.6001598261091932
184,0.5820903361344538,0.4640902697864723
185,0.41869747899159665,0.5488620381025443
186,0.5096638655462186,0.5012274645186038
187,0.5014180672268906,0.5199718706047821
188,0.7744747899159664,0.5637194732131442
189,0.4836134453781512,0.5208605037718963
190,0.421953781512605,0.47801432041938374
191,0.3071953781512605,0.5160721135404679
192,0.27615546218487397,0.5361015215445595
193,0.3340861344537815,0.4716340621403913
194,0.2985819327731093,0.48313514895793375
195,0.3417542016806722,0.5255018539828665
196,0.4704831932773109,0.5068725226953075
197,0.403781512605042,0.5149661168648512
198,0.39711134453781505,0.5018603759110087
199,0.3663340336134454,0.4934343434343435
200,0.4328781512605041,0.5282125047947832
201,0.43408613445378147,0.4501981843753996
202,0.5985819327731092,0.4267421045902059
203,0.36060924369747904,0.43202275923794903
204,0.261922268907563,0.4699590845160465
205,0.48361344537815115,0.4794207901802838
206,0.4096113445378151,0.450517836593786
207,0.2992121848739496,0.520323488045007
208,0.6398109243697478,0.47342411456335504
209,0.34396008403361344,0.4957102672292546
210,0.49627100840336136,0.44328091036951794
211,0.6082457983193277,0.5415547883902315
212,0.4352415966386555,0.461935813834548
213,0.2867647058823529,0.4531837360951285
214,0.2813550420168067,0.46906405830456466
215,0.4923319327731093,0.5616673059711035
216,0.29285714285714287,0.4715701316967139
217,0.7645483193277312,0.43346119422068796
218,0.5098214285714285,0.5570451348932361
219,0.44143907563025203,0.4232451093210587
220,0.40561974789915967,0.40951924306354687
221,0.5245273109243697,0.46809870860503777
222,0.38303571428571426,0.6095256361079145
223,0.4889180672268907,0.4850594553126199
224,0.5365021008403362,0.4671077867280399
225,0.2912289915966386,0.6096343178621659
226,0.49532563025210086,0.5416059327451733
227,0.28345588235294117,0.49922644163150487
228,0.4080357142857142,0.4601074031453779
229,0.39826680672268916,0.4370285129778801
230,0.6183298319327731,0.5162447257383965
231,0.36596638655462194,0.5342858969441249
232,0.6246323529411766,0.4530015343306483
233,0.310031512605042,0.49913054596598905
234,0.49364495798319324,0.47254187444060863
235,0.6867647058823529,0.5031581639176576
236,0.40997899159663864,0.5157908195882879
237,0.37893907563025214,0.4977752205600307
238,0.38182773109243695,0.4734496867408259
239,0.6200105042016807,0.4136363636363637
240,0.5008928571428573,0.4700613732259303
241,0.4591386554621849,0.5391382176192302
242,0.2970063025210084,0.5555044112006138
243,0.3558823529411765,0.4327259941183992
244,0.3128151260504201,0.5173954737245877
245,0.30987394957983194,0.5141350210970465
246,0.6640756302521009,0.4964071090653369
247,0.2948529411764706,0.5243383199079402
248,0.29789915966386554,0.47683160721135404
249,0.2847689075630252,0.4900332438307123
250,0.30199579831932766,0.4741177598772537
251,0.2439075630252101,0.4843626134765374
252,0.4486344537815127,0.537686996547756
253,0.3162289915966386,0.5302550824702723
254,0.4954831932773109,0.43774133742488164
255,0.4595588235294118,0.5602032988108938
256,0.2858193277310924,0.44997442782252917
257,0.607563025210084,0.49080680219920725
258,0.39579831932773113,0.5250479478327581
259,0.2558823529411765,0.5314985295997954
260,0.3408613445378151,0.5093977752205602
261,0.3971638655462185,0.5185717938882497
262,0.2890756302521008,0.45963431786216596
263,0.3022584033613445,0.47362229893875457
264,0.635609243697479,0.5182265694923922
265,0.26034663865546215,0.47828922132719603
266,0.31633403361344536,0.4608362102032988
267,0.6471638655462185,0.44400971742743894
268,0.5569327731092437,0.43218897839151016
269,0.4215336134453781,0.5124216852064953
270,0.3365021008403361,0.4835698759749392
271,0.31297268907563025,0.3826684567190896
272,0.38103991596638653,0.5385884158036057
273,0.3532563025210084,0.5944444444444446
274,0.5880252100840336,0.47352640327323875
275,0.6920693277310924,0.4998849252013808
276,0.33529411764705885,0.5441439713591613
277,0.4138130252100841,0.43851169927119293
278,0.6809873949579832,0.4970847717683161
279,0.44264705882352945,0.5623545582406341
280,0.33503151260504194,0.5182968929804372
281,0.30120798319327735,0.3730469249456591
282,0.44222689075630256,0.5259685462217109
283,0.36696428571428574,0.6456910880961514
284,0.5743697478991596,0.469268635724332
285,0.30588235294117644,0.45024293568597373
286,0.4964810924369747,0.48025188594808854
287,0.43146008403361347,0.5299002685078634
288,0.5905987394957982,0.48089758342922895
289,0.34784663865546217,0.5599060222477943
290,0.563077731092437,0.5814857435110599
291,0.5471638655462183,0.519805651451221
292,0.5967436974789915,0.49595959595959593
293,0.2784138655462185,0.563559647103951
294,0.4934873949579832,0.575936580999872
295,0.4162289915966387,0.4845544048075694
296,0.5653361344537815,0.5529408004091548
297,0.3623424369747899,0.571896176959468
298,0.6039390756302521,0.48020074159314674
299,0.3100840336134454,0.5021992072624984
300,0.520798319327731,0.3844840813195244
301,0.5131827731092435,0.5001022887098837
302,0.27205882352941174,0.5155670630354174
303,0.7238970588235295,0.5255146400716022
304,0.414390756302521,0.45438562843626135
305,0.2938025210084033,0.5915036440352897
306,0.5659663865546218,0.552793760388697
307,0.37704831932773103,0.4679260964071091
308,0.32011554621848737,0.544642628819844
309,0.2765231092436975,0.5665515918680477
310,0.4573529411764706,0.44560158547500317
311,0.3956932773109244,0.4642373098069301
312,0.39448529411764705,0.44703362741337427
313,0.26465336134453776,0.553266845671909
314,0.4298319327731093,0.4452180028129396
315,0.3167016806722689,0.422484337041299
316,0.7997899159663866,0.5133294975067126
317,0.3642857142857143,0.4856604014831863
318,0.6493697478991596,0.5744278225290884
319,0.6411239495798319,0.5158547500319652
320,0.2935399159663865,0.4772919064058305
321,0.6099789915966386,0.3991880833652985
322,0.4602941176470588,0.5042705536376422
323,0.2921218487394958,0.46689042321953717
324,0.5267331932773109,0.4958317350722414
325,0.31412815126050425,0.5427758598644674
326,0.39742647058823527,0.5477688275156629
327,0.36491596638655466,0.5486063163278353
328,0.4136554621848739,0.5214230916762561
329,0.29306722689075626,0.5146912159570388
330,0.44080882352941175,0.4541235136171845
331,0.4417016806722689,0.5241561181434599
332,0.2953781512605042,0.5688978391510038
333,0.5987394957983193,0.44232834675872656
334,0.3690126050420168,0.5119933512338575
335,0.5039915966386556,0.4904679708477177
336,0.47825630252100837,0.5344968674082599
337,0.33214285714285713,0.5202723436900651
338,0.3182773109243698,0.44324255210331165
339,0.6722689075630253,0.49566551591868035
340,0.5082983193277311,0.5015726889144612
341,0.6583508403361343,0.461935813834548
342,0.579936974789916,0.4497314921365555
343,0.6608718487394958,0.5072049610024295
344,0.3658088235294118,0.5135212888377445
345,0.7036764705882355,0.5593658099987213
346,0.5180147058823529,0.46258790436005626
347,0.4852941176470589,0.48908707326428846
348,0.43014705882352944,0.5272727272727272
349,0.3199579831932773,0.5420726249840173
350,0.8003151260504202,0.5275220560030687
351,0.5210609243697479,0.5276179516685846
352,0.3134453781512605,0.45505689809487276
353,0.43335084033613447,0.5154008438818565
354,0.35966386554621843,0.5552103311596982
355,0.5120798319327732,0.45153433064825466
356,0.30084033613445377,0.5718322465157909
357,0.48119747899159665,0.5734369006520905
358,0.41171218487394956,0.5580872011251758
359,0.4870273109243698,0.48699015471167373
360,0.3487394957983193,0.5945978775092698
361,0.8451680672268906,0.5057473468865874
362,0.3479516806722689,0.5016749776243448
363,0.39243697478991596,0.5207582150620125
364,0.4650210084033614,0.4973277074542898
365,0.8018907563025209,0.5301112389719984
366,0.39259453781512604,0.48484848484848486
367,0.32216386554621845,0.5309359416954353
368,0.3770483193277311,0.4896624472573839
369,0.31039915966386555,0.5175552998337809
370,0.4322478991596639,0.4946426288198441
371,0.3346638655462185,0.576735711545838
372,0.3752626050420168,0.4348804500703235
373,0.36607142857142855,0.4635468610152154
374,0.6215861344537815,0.507352001022887
375,0.348109243697479,0.4063163278353151
376,0.5642857142857143,0.48032220943613346
377,0.39721638655462194,0.5224076205088863
378,0.4098739495798319,0.5412990666155223
379,0.35441176470588237,0.5079209819716148
380,0.38545168067226887,0.4563419000127861
381,0.2693802521008404,0.5208285385500575
382,0.3245273109243697,0.5283403656821378
383,0.30840336134453783,0.5372522695307504
384,0.5601890756302522,0.5587712568725227
385,0.5643907563025211,0.3553957294463624
386,0.32106092436974787,0.4885564505817671
387,0.5026260504201681,0.4397519498785322
388,0.314968487394958,0.5537079657332822
389,0.408718487394958,0.44160593274517324
390,0.26439075630252107,0.44415675744789673
391,0.38293067226890753,0.5224779439969314
392,0.4873949579831932,0.4694220687891574
393,0.4393907563025211,0.5213463751438434
394,0.48870798319327735,0.47142309167625623
395,0.2868172268907563,0.5485743511059966
396,0.3018382352941177,0.5953650428333972
397,0.2847689075630252,0.4636363636363637
398,0.46927521008403356,0.4695435366321442
399,0.386922268907563,0.4365490346503004
400,0.3558823529411765,0.48069300600946174
401,0.7086134453781513,0.5501534330648254
402,0.394905462184874,0.5205664237309807
403,0.6055672268907564,0.5376486382815496
404,0.5448529411764707,0.49445083748881213
405,0.3226365546218487,0.40567063035417467
406,0.3189075630252101,0.5264991689042322
407,0.3617121848739496,0.5326045262754124
408,0.47941176470588226,0.5618910625239739
409,0.311344537815126,0.5722158291778545
410,0.3383403361344538,0.4786120700677663
411,0.3135504201680673,0.4673251502365427
412,0.2882878151260505,0.4981268380002558
413,0.21192226890756305,0.44322337297020836
414,0.346796218487395,0.44232834675872656
415,0.31748949579831937,0.5581575246132208
416,0.3422268907563025,0.5324447001662191
417,0.5155987394957984,0.5581639176575885
418,0.4082983193277311,0.4625111878276435
419,0.3796218487394958,0.5189553765503133
420,0.2728991596638655,0.5373673443293697
421,0.6944327731092438,0.49183608234241144
422,0.690703781512605,0.5451732515023654
423,0.6559873949579831,0.643255338192047
424,0.28944327731092445,0.556604014831863
425,0.4794642857142858,0.4167561692878149
426,0.3008928571428572,0.46816263904871513
427,0.47521008403361353,0.5121851425648895
428,0.33119747899159657,0.4356731875719217
429,0.3804096638655462,0.46348293057153817
430,0.44978991596638646,0.5582214550568981
431,0.38592436974789923,0.46876358521928135
432,0.6050945378151261,0.5254890678941312
433,0.5950105042016808,0.48341004986574615
434,0.4916491596638656,0.46490857946554154
435,0.33813025210084036,0.49438051400076705
436,0.33623949579831935,0.4215957038741848
437,0.46165966386554624,0.5396113029024422
438,0.38403361344537823,0.4074542897327708
439,0.5940651260504202,0.4665260196905766
440,0.308140756302521,0.5890806802199208
441,0.4110819327731092,0.508080808080808
442,0.5601365546218489,0.5250607339214934
443,0.5446428571428571,0.5024549290372076
444,0.5920168067226892,0.4341260708349316
445,0.5531512605042017,0.5618271320802967
446,0.6349789915966386,0.4798619102416571
447,0.3636554621848739,0.5337360951285001
448,0.5971113445378152,0.49027617951668584
449,0.7142331932773108,0.5356156501726123
450,0.598109243697479,0.5042833397263777
451,0.28660714285714284,0.45461577803349956
452,0.335031512605042,0.541401355325406
453,0.3844537815126051,0.5570451348932361
454,0.36260504201680677,0.4896688403017516
455,0.5665966386554622,0.5727592379491114
456,0.2832983193277311,0.5495141286280527
457,0.6517331932773109,0.561462728551336
458,0.7623949579831932,0.5765694923922771
459,0.4525735294117646,0.5532732387162766
460,0.31785714285714284,0.5219409282700423
461,0.31995798319327734,0.5033052039381152
462,0.4950105042016807,0.5097621787495206
463,0.5992121848739496,0.47102672292545716
464,0.3836134453781512,0.616231939649661
465,0.4621848739495798,0.5156054213016239
466,0.3425420168067227,0.49266717811021604
467,0.573109243697479,0.48298171589310834
468,0.5827731092436974,0.5197545070962792
469,0.6945903361344539,0.5040148318629332
470,0.33266806722689074,0.5486766398158803
471,0.6902836134453781,0.4721646848229127
472,0.5616071428571427,0.5098516813706688
473,0.29742647058823535,0.4540212249073008
474,0.29269957983193273,0.44567830200741587
475,0.5086134453781513,0.4189873417721518
476,0.46675420168067233,0.423520010228871
477,0.39826680672268905,0.38956015854750026
478,0.37400210084033614,0.4661999744278226
479,0.48655462184873954,0.5268124280782509
480,0.37820378151260503,0.5823679836338065
481,0.8085084033613447,0.5210586881472958
482,0.6119747899159664,0.5370604781997187
483,0.5380252100840337,0.4977624344712951
484,0.7494222689075631,0.4050792737501599
485,0.5493172268907565,0.5202403784682266
486,0.29894957983193277,0.5479989771129011
487,0.4944852941176471,0.5647935046669225
488,0.4897058823529412,0.5086497890295358
489,0.4584033613445378,0.5681818181818181
490,0.2913865546218487,0.531223628691983
491,0.31155462184873955,0.5735519754507095
492,0.3334558823529412,0.4959851681370668
493,0.303203781512605,0.4789668840301752
494,0.41144957983193275,0.5314282061117505
495,0.29206932773109245,0.4719345352256745
496,0.4709558823529412,0.4392468993734816
497,0.6515756302521009,0.5421685206495332
498,0.2964285714285714,0.5879618974555683
499,0.5702731092436975,0.5426096407109064
500,0.3151785714285714,0.56437795678302
501,0.5414915966386555,0.4407109065336914
502,0.3488445378151261,0.573286664109449
503,0.5990546218487396,0.500210970464135
504,0.6174369747899159,0.46506201253036694
505,0.5842436974789915,0.3861526658995014
506,0.4176470588235294,0.5272535481396241
507,0.580672268907563,0.5032988108937475
508,0.5901785714285714,0.538652346247283
509,0.3852941176470589,0.45359928397903077
510,0.30483193277310927,0.48252780974299964
511,0.31297268907563025,0.5659890039636875
512,0.516281512605042,0.5146017133358906
513,0.3146533613445378,0.5565720496100242
514,0.317436974789916,0.48997570643140265
515,0.4377626050420168,0.5511954992967649
516,0.5710609243697479,0.43137706175680857
517,0.5284138655462185,0.5299897711290116
518,0.49532563025210086,0.49470016621915336
519,0.34495798319327725,0.4787047692110984
520,0.4946428571428572,0.48397263777010613
521,0.3398634453781513,0.5809551208285386
522,0.5410714285714285,0.5187060478199719
523,0.3209558823529412,0.45463495716660274
524,0.30724789915966383,0.5403465030047307
525,0.310031512605042,0.4216148830072881
526,0.3732142857142857,0.5005881600818309
527,0.31796218487394956,0.5796892980437284
528,0.5247899159663867,0.4168584579976985
529,0.3314075630252101,0.4850594553126199
530,0.3136029411764706,0.5473149213655543
531,0.5039915966386554,0.5328986063163279
532,0.4078781512605042,0.47068789157396757
533,0.5296218487394958,0.49289093466308653
534,0.48040966386554623,0.5397903081447385
535,0.6110294117647059,0.6114307633294975
536,0.519485294117647,0.4808016877637131
537,0.2714810924369748,0.5323807697225418
538,0.44364495798319326,0.4899501342539317
539,0.6811974789915966,0.530967906917274
540,0.27563025210084036,0.47576396880194344
541,0.5223214285714286,0.5393939393939395
542,0.42174369747899165,0.5263585219281423
543,0.3647584033613445,0.5027745812555939
544,0.5213235294117646,0.522720879682905
545,0.2727941176470588,0.4763904871499808
546,0.42316176470588235,0.45706431402633924
547,0.29726890756302515,0.44714230916762565
548,0.4870798319327731,0.5103695179644547
549,0.2890756302521008,0.4886587392916507
550,0.30913865546218483,0.4923027745812556
551,0.36559873949579835,0.5057729190640584
552,0.544905462184874,0.48412607083493164
553,0.4351890756302521,0.46628308400460294
554,0.45793067226890755,0.5134957166602735
555,0.5184873949579832,0.4170182841068916
556,0.6253151260504202,0.4981524101777266
557,0.4508403361344538,0.43966884030175174
558,0.4909663865546219,0.5275604142692752
559,0.3015756302521008,0.595934023782125
560,0.3050420168067227,0.48044367727912024
561,0.3027836134453782,0.4581830967906918
562,0.32515756302521004,0.5424178493798747
563,0.300577731092437,0.4670054980181562
564,0.4267857142857143,0.581274773046925
565,0.5067752100840336,0.4746707582150621
566,0.5000000000000001,0.5328282828282828
567,0.48046218487394954,0.4255849635596471
568,0.4527836134453781,0.3849252013808976
569,0.297531512605042,0.39294207901802836
570,0.361764705882353,0.5442590461577803
571,0.44233193277310934,0.42403145377828916
572,0.38665966386554623,0.5097877509269915
573,0.3319852941176471,0.45914844649021874
574,0.3343487394957983,0.4958764863828155
575,0.3411764705882353,0.4937603886970976
576,0.3139705882352941,0.5816072113540468
577,0.5061974789915967,0.4932809103695181
578,0.4744747899159664,0.49585091420534466
579,0.5277836134453782,0.5110343945786984
580,0.5008403361344539,0.4840109960363124
581,0.35341386554621845,0.4931466564377957
582,0.3980567226890756,0.4497762434471295
583,0.3158613445378151,0.4921045902058562
584,0.3142331932773109,0.48004730852832117
585,0.3305672268907563,0.4782636491497252
586,0.778203781512605,0.512287431274773
587,0.7630252100840336,0.47756680731364265
588,0.6522058823529411,0.509915611814346
589,0.41181722689075634,0.433058432425521
590,0.3866596638655463,0.4895857307249713
591,0.45267857142857143,0.5870029408004092
592,0.5646533613445378,0.4704257767548906
593,0.403623949579832,0.4715317734305076
594,0.31964285714285723,0.5250415547883902
595,0.5694852941176471,0.5042258023270682
596,0.3552521008403361,0.4928270042194094
597,0.461607142857143,0.46962664620892464
598,0.5304621848739497,0.482681242807825
599,0.7362920168067227,0.4812971487022121
600,0.4257352941176471,0.48015599028257244
601,0.6430672268907562,0.4198184375399565
602,0.39926470588235297,0.5334995524868942
603,0.2710084033613445,0.47098197161488303
604,0.5861344537815125,0.436913438179261
605,0.2389705882352941,0.49601074031453785
606,0.4075630252100841,0.49946298427311075
607,0.2820903361344538,0.46667305971103445
608,0.3215861344537815,0.5009717427438947
609,0.3192226890756303,0.4934407364787111
610,0.3832983193277311,0.48952819332566166
611,0.35498949579831934,0.4842219665004476
612,0.289390756302521,0.4989131824574862
613,0.5804096638655463,0.4827771384733411
614,0.29511554621848735,0.5093849891318246
615,0.4683298319327732,0.4594361334867664
616,0.32027310924369745,0.4574862549546094
617,0.26890756302521013,0.4389272471550953
618,0.7308823529411765,0.43520649533307754
619,0.5877100840336135,0.43668328858202277
620,0.38156512605042014,0.5283659378596088
621,0.3420168067226891,0.49148446490218645
622,0.25115546218487395,0.5319652218386396
623,0.31738445378151264,0.656412223500831
624,0.5648634453781514,0.42828922132719605
625,0.4066701680672269,0.5441695435366322
626,0.29485294117647054,0.5089406725482675
627,0.3868697478991597,0.6174913693901036
628,0.28455882352941175,0.5046157780334996
629,0.45294117647058824,0.5535449431019052
630,0.5134453781512603,0.5230213527681882
631,0.30120798319327724,0.5358330136811149
632,0.4108718487394959,0.4372458764863828
633,0.31486344537815125,0.4233601841196778
634,0.4492647058823529,0.4745940416826492
635,0.5627626050420168,0.4764672036823936
636,0.358718487394958,0.4534906022247795
637,0.4481617647058823,0.5382623705408516
638,0.34616596638655467,0.47389719984656703
639,0.30971638655462186,0.5057984912415293
640,0.4959033613445378,0.5650428333972638
641,0.34522058823529417,0.46326556706303545
642,0.4130252100840336,0.42320675105485234
643,0.3659663865546218,0.5429868303286025
644,0.7092962184873949,0.46159698248305847
645,0.6127100840336135,0.48766142437028515
646,0.5829831932773109,0.42421045902058563
647,0.7011029411764705,0.4731044623449686
648,0.5108718487394956,0.4457741976729319
649,0.38975840336134454,0.5142820611175042
650,0.3123424369747899,0.5356795806162895
651,0.45005252100840343,0.48135788262370544
652,0.2715336134453782,0.505894386907045
653,0.43697478991596633,0.5110727528449048
654,0.3044117647058823,0.45042194092827004
655,0.39690126050420166,0.4893491880833653
656,0.46633403361344544,0.5147167881345096
657,0.4031512605042017,0.5021544559519243
658,0.48040966386554623,0.47489451476793254
659,0.6663865546218487,0.4883518731619997
660,0.3341386554621849,0.42256105357371176
661,0.30173319327731096,0.4662575118271321
662,0.6877100840336136,0.5582662063674724
663,0.4377626050420168,0.5012786088735456
664,0.3101890756302521,0.5013617184503261
665,0.4575105042016806,0.4418105101649405
666,0.42704831932773113,0.5080935941695436
667,0.31649159663865545,0.41924945659122875
668,0.25898109243697476,0.4873865234624728
669,0.7011029411764704,0.5004539061501088
670,0.5451680672268907,0.4951093210586882
671,0.43088235294117655,0.4538613987981077
672,0.542594537815126,0.4660273622298939
673,0.3434873949579832,0.5165324127349444
674,0.2811449579831933,0.5684503260452627
675,0.2898109243697479,0.5425009589566551
676,0.3650210084033613,0.4970464135021097
677,0.6851365546218486,0.43429228998849245
678,0.28188025210084033,0.5278864595320291
679,0.551155462184874,0.5451924306354686
680,0.42142857142857143,0.49181690320930826
681,0.4472689075630251,0.4841004986574607
682,0.6219012605042017,0.5297020841324639
683,0.29080882352941173,0.45965349699526914
684,0.41985294117647054,0.5352352640327325
685,0.5317226890756304,0.4761923027745813
686,0.4722689075630252,0.5038230405319012
687,0.3328781512605042,0.4311405191152026
688,0.3514180672268907,0.48998849252013815
689,0.45646008403361343,0.5167433831990794
690,0.40982142857142856,0.5178877381409028
691,0.571218487394958,0.5016877637130802
692,0.38382352941176473,0.5000383582662064
693,0.3408088235294118,0.467082214550569
694,0.519905462184874,0.5045774197672931
695,0.40540966386554633,0.5311884669479607
696,0.2996848739495798,0.4200837488812172
697,0.31155462184873944,0.41783020074159316
698,0.5250000000000001,0.5331862933128756
699,0.6733718487394958,0.44106252397391643
700,0.39915966386554624,0.5162766909602353
701,0.3565651260504202,0.41043344840813195
702,0.7119747899159664,0.5160401483186293
703,0.5801470588235295,0.5282764352384606
704,0.3251050420168067,0.48134509653496993
705,0.3179096638655462,0.5359800537015728
706,0.42956932773109247,0.4777394195115715
707,0.7726890756302521,0.48724587648638273
708,0.28455882352941175,0.4873929165068406
709,0.29763655462184874,0.5209052550824703
710,0.37300420168067233,0.4112901163534074
711,0.6387605042016806,0.4755849635596471
712,0.5524684873949581,0.4706367472190257
713,0.3772058823529412,0.5031645569620253
714,0.47736344537815134,0.5822337297020842
715,0.3843487394957983,0.453899757064314
716,0.34374999999999994,0.4450230149597238
717,0.28618697478991595,0.40341388569236675
718,0.3092436974789915,0.5136043984145251
719,0.5534663865546218,0.4951157141030559
720,0.3387079831932773,0.4267357115458381
721,0.3754201680672269,0.4625942974044239
722,0.3334033613445378,0.4934087712568725
723,0.28828781512605045,0.5863572433192685
724,0.2980042016806722,0.5111047180667434
725,0.5965336134453781,0.5523462472829561
726,0.5779936974789917,0.53299130545966
727,0.5371323529411766,0.5590653369134381
728,0.5663340336134454,0.4736478711162255
729,0.504779411764706,0.4624984017389081
730,0.48293067226890746,0.3850274900907812
731,0.36733193277310916,0.4940480756936454
732,0.5487920168067226,0.42590781230021735
733,0.5878151260504201,0.46282444700166214
734,0.6144432773109243,0.4752333461194221
735,0.635031512605042,0.5303733537910753
736,0.4916491596638656,0.6589950134253932
737,0.5746323529411764,0.5198440097174275
738,0.3158613445378151,0.4250735200102288
739,0.5580882352941176,0.5129587009333845
740,0.34805672268907567,0.3807697225418744
741,0.3845588235294118,0.4870029408004092
742,0.4450630252100841,0.5378020713463751
743,0.4248424369747899,0.5484337041299067
744,0.4283613445378151,0.34131185270425773
745,0.5018382352941175,0.4555811277330264
746,0.42200630252100846,0.5322337297020842
747,0.573109243697479,0.44796061884669475
748,0.5742647058823529,0.5759557601329753
749,0.420640756302521,0.4553637642245237
750,0.30682773109243694,0.4732930571538166
751,0.29905462184873943,0.36038869709755783
752,0.35887605042016807,0.5358330136811149
753,0.42626050420168066,0.5273750159826109
754,0.3756302521008404,0.49064697609001406
755,0.5563025210084035,0.4746835443037975
756,0.2857142857142857,0.516072113540468
757,0.3960084033613446,0.5171653241273495
758,0.31591386554621853,0.4521352768188211
759,0.5379201680672269,0.40979414397135916
760,0.46050420168067224,0.43810254443165836
761,0.29884453781512604,0.42623705408515533
762,0.3007878151260504,0.5165963431786216
763,0.30934873949579833,0.5756425009589566
764,0.410031512605042,0.6309551208285386
765,0.29658613445378157,0.4878787878787879
766,0.5279411764705882,0.45758854366449303
767,0.31775210084033606,0.4401802838511699
768,0.3186449579831933,0.5403401099603631
769,0.40283613445378147,0.49180411712057276
770,0.3102415966386554,0.43671525380386134
771,0.2607142857142857,0.498497634573584
772,0.5978991596638655,0.47373098069300595
773,0.3168067226890756,0.43470144482802703
774,0.2963760504201681,0.5177854494310189
775,0.45257352941176465,0.48986702467715115
776,0.5768382352941177,0.5205919959084516
777,0.3295693277310924,0.45132336018411967
778,0.4749999999999999,0.5832502237565528
779,0.261922268907563,0.4149852959979542
780,0.35325630252100837,0.47733665771640466
781,0.3059873949579831,0.420534458509142
782,0.4879201680672269,0.47747730469249455
783,0.3599264705882353,0.5308464390742872
784,0.5923844537815126,0.5315049226441632
785,0.6009978991596638,0.49298683032860235
786,0.4053571428571428,0.49264799897711287
787,0.33130252100840335,0.42917785449431023
788,0.5184873949579833,0.4833525124664364
789,0.44690126050420165,0.49187444060861774
790,0.3382352941176471,0.5682713208029663
791,0.3137079831932773,0.4602800153433065
792,0.40793067226890756,0.45046669223884417
793,0.34464285714285714,0.5016749776243448
794,0.30614495798319324,0.48090397647359684
795,0.5415441176470588,0.5667817414652857
796,0.28508403361344536,0.5074223245109322
797,0.48245798319327726,0.5091420534458508
798,0.3231617647058823,0.5260836210203299
799,0.3444852941176471,0.4524357499041044
800,0.31418067226890756,0.48048842858969437
801,0.33109243697478996,0.5228423475258918
802,0.4027310924369748,0.4293632527809742
803,0.4297794117647059,0.5752908835187316
804,0.6332983193277311,0.5357051527937604
805,0.3903361344537815,0.5741784937987469
806,0.36197478991596643,0.4518348037335379
807,0.2749474789915966,0.4650811916634702
808,0.43849789915966386,0.49250095895665513
809,0.3928046218487395,0.4635724331926864
810,0.6974789915966386,0.47001662191535604
811,0.5707983193277311,0.5146336785577291
812,0.31292016806722694,0.5395601585475002
813,0.5414390756302521,0.47644802454929047
814,0.4557773109243698,0.4247634573583941
815,0.5420693277310925,0.5654264160593274
816,0.6296218487394958,0.588108937476026
817,0.43665966386554633,0.4980181562460044
818,0.4576680672268907,0.5886235775476281
819,0.5267857142857143,0.5848612709372204
820,0.46591386554621844,0.4762818053957294
821,0.29763655462184874,0.5505625879043601
822,0.44107142857142856,0.4847525891829688
823,0.5075105042016806,0.5127669096023526
824,0.5419117647058824,0.4756361079145889
825,0.326890756302521,0.42279120317095
826,0.31622899159663864,0.5415483953458637
827,0.34543067226890767,0.594124792226058
828,0.5404411764705882,0.4500319652218387
829,0.48114495798319323,0.43658099987213905
830,0.6607668067226891,0.5487405702595576
831,0.4542016806722689,0.5323296253676
832,0.28912815126050423,0.48310318373609507
833,0.3393382352941176,0.4531837360951285
834,0.2922268907563025,0.43608873545582405
835,0.31932773109243706,0.4662191535609258
836,0.4851365546218487,0.4713847334100499
837,0.31607142857142856,0.45774197672931843
838,0.7277836134453782,0.623002173635085
839,0.4703256302521008,0.5822465157908197
840,0.6128676470588235,0.5411775987725355
841,0.42232142857142857,0.51696713975195
842,0.34984243697478995,0.43997570643140255
843,0.42016806722689076,0.5572177470911648
844,0.5529411764705883,0.557166602736223
845,0.27615546218487397,0.3987022119933512
846,0.37079831932773105,0.5468642117376296
847,0.49658613445378147,0.4043216979925841
848,0.3556197478991596,0.5201061245365043
849,0.2867647058823529,0.44815241017772667
850,0.43335084033613436,0.4807377573200359
851,0.3104516806722689,0.5317286791970336
852,0.4690126050420167,0.5290563866513234
853,0.44831932773109245,0.4836913438179261
854,0.35126050420168065,0.5326684567190897
855,0.536344537815126,0.5280143204193838
856,0.5039915966386554,0.5550632911392406
857,0.2954306722689076,0.4667050249328731
858,0.446218487394958,0.4828666410944892
859,0.292436974789916,0.4771320802966373
860,0.31218487394957983,0.6174274389464264
861,0.37809873949579836,0.49462984273110866
862,0.3440651260504201,0.5347270170054979
863,0.418172268907563,0.49416315049226445
864,0.572373949579832,0.4287750926991434
865,0.2814075630252101,0.4514448280271065
866,0.3262079831932773,0.5127796956910882
867,0.6389705882352941,0.4268699654775604
868,0.3042542016806723,0.5968354430379746
869,0.38251050420168065,0.43827515662958705
870,0.41796218487394954,0.4683096790691727
871,0.4174369747899159,0.551527937603887
872,0.5003676470588235,0.47910113796189746
873,0.6471638655462184,0.42096279248177987
874,0.4050945378151261,0.5076972254187446
875,0.6103466386554623,0.39425904615778035
876,0.2633403361344538,0.4795742232451093
877,0.6081932773109244,0.525987725354814
878,0.39485294117647063,0.5277138473341005
879,0.3315126050420168,0.47542513745045395
880,0.34112394957983194,0.5696458253420278
881,0.2809873949579832,0.4353727144866385
882,0.4897584033613446,0.4700997314921366
883,0.28776260504201673,0.47842986830328593
884,0.37788865546218486,0.48641478071857813
885,0.3445378151260504,0.5545326684567191
886,0.38245798319327734,0.562121212121212
887,0.5475315126050421,0.46781102160849003
888,0.5931197478991598,0.4326684567190896
889,0.2816701680672269,0.562523973916379
890,0.4033088235294118,0.5585730724971232
891,0.6398109243697478,0.5712313003452245
892,0.6633403361344536,0.506367472190257
893,0.641123949579832,0.49166986318885053
894,0.2125,0.44581894898350594
895,0.44847689075630254,0.4968226569492392
896,0.3347689075630252,0.5072880705792098
897,0.6206932773109244,0.5966564377956783
898,0.4798319327731092,0.5583876742104591
899,0.4630252100840336,0.3834228359544815
900,0.3808298319327731,0.5307825086306099
901,0.3123949579831932,0.4547564250095896
902,0.5829306722689076,0.47150620125303677
903,0.33960084033613447,0.43218258534714227
904,0.6002100840336133,0.49885564505817676
905,0.25089285714285714,0.48563482930571533
906,0.45882352941176474,0.4747858330136812
907,0.27636554621848736,0.46759365809998715
908,0.6041491596638655,0.5202403784682266
909,0.652310924369748,0.578500191791331
910,0.35204831932773106,0.42084771768316076
911,0.39196428571428565,0.41678174146528574
912,0.35073529411764703,0.5031134126070835
913,0.37820378151260503,0.43625495460938496
914,0.3392331932773109,0.44541618718833914
915,0.36271008403361343,0.5230916762562333
916,0.3963760504201681,0.5074287175552997
917,0.4112394957983193,0.575047947832758
918,0.5554096638655462,0.5313834548011764
919,0.5509453781512604,0.533154328091037
920,0.366701680672269,0.49617695946809875
921,0.3529411764705882,0.4692047052806547
922,0.2952731092436975,0.5327899245620765
923,0.3152310924369748,0.45063291139240513
924,0.5024684873949579,0.49931594425265313
925,0.4417016806722689,0.4399948855645057
926,0.6809873949579832,0.45852832118654907
927,0.46433823529411755,0.46201253036696077
928,0.31334033613445383,0.48212504794783273
929,0.4408613445378151,0.5167050249328731
930,0.6735294117647059,0.45494182329625366
931,0.5247373949579832,0.5239930955120828
932,0.7365021008403362,0.40469888761028006
933,0.3373949579831933,0.5322529088351873
934,0.2210609243697479,0.5720304308911903
935,0.3738445378151261,0.4576013297532285
936,0.48455882352941176,0.5555044112006137
937,0.4507352941176471,0.5649533307761156
938,0.5390231092436976,0.5250159826109193
939,0.5803571428571429,0.47194732131441
940,0.5540966386554623,0.5248433704129907
941,0.3835084033613445,0.5408195882879426
942,0.3346113445378151,0.45489067894131174
943,0.608718487394958,0.49943101905127224
944,0.5656512605042016,0.47449175297276563
945,0.368172268907563,0.4893875463495717
946,0.45063025210084034,0.4681562460043473
947,0.6215336134453782,0.465106763840941
948,0.33965336134453783,0.4627285513361463
949,0.5163865546218488,0.4367791842475387
950,0.3613445378151261,0.48372970208413246
951,0.3173844537815126,0.5389208541107275
952,0.28602941176470587,0.47619869581894897
953,0.33193277310924374,0.5154392021480628
954,0.6508928571428572,0.5009717427438946
955,0.5930672268907563,0.5295166858457997
956,0.649107142857143,0.5048267484976346
957,0.5290441176470588,0.519172740058816
958,0.3952731092436975,0.5040787623066104
959,0.53140756302521,0.5042513745045392
960,0.3868697478991597,0.4849443805140008
961,0.40267857142857144,0.5509397775220559
962,0.45446428571428565,0.3907492647998977
963,0.4046218487394958,0.5350722414013553
964,0.30756302521008405,0.47596854622171075
965,0.2809873949579832,0.5079401611047181
966,0.5003151260504202,0.5433256616800921
967,0.5086659663865547,0.4988428589694413
968,0.3015231092436975,0.4774517325150237
969,0.4764180672268907,0.5625623321825853
970,0.2947478991596638,0.499060222477944
971,0.26874999999999993,0.4309742999616417
972,0.566123949579832,0.4092187699782636
973,0.3761029411764706,0.46610407876230664
974,0.3121848739495799,0.5193453522567448
975,0.3260504201680673,0.5024421429484721
976,0.5004726890756303,0.49985295997954216
977,0.7633403361344537,0.5888761028001535
978,0.26076680672268904,0.5383966244725737
979,0.581827731092437,0.6141542002301497
980,0.588655462184874,0.48092954865106774
981,0.5566176470588236,0.5223628691983123
982,0.4656512605042017,0.5418552614755147
983,0.37951680672268906,0.4896176959468098
984,0.2771533613445377,0.5117504155478839
985,0.6636554621848739,0.48928206111750416
986,0.4809873949579832,0.4712568725226953
987,0.49674369747899155,0.5331926863572434
988,0.5820378151260504,0.535596471039509
989,0.38345588235294115,0.4182777138473341
990,0.42289915966386554,0.5508886331671141
991,0.40225840336134455,0.5279248177982355
992,0.4476890756302521,0.46089374760260843
993,0.28497899159663864,0.5234241145633551
994,0.3910714285714286,0.4549546093849891
995,0.5225840336134453,0.5134957166602735
996,0.30646008403361347,0.5855517197289349
997,0.3445378151260504,0.49604590205856036
998,0.331827731092437,0.5784042961258152
999,0.6605042016806723,0.44178493798746965
